--
-- PostgreSQL database dump
--

\restrict LbacrwIhgc7NRtFDsVdmlKqzUPf3bCRtf5wDLhD8BsqidVHhfIlkapgnVwz2LgB

-- Dumped from database version 15.18 (Debian 15.18-1.pgdg13+1)
-- Dumped by pg_dump version 15.18 (Debian 15.18-1.pgdg13+1)

SET statement_timeout = 0;
SET lock_timeout = 0;
SET idle_in_transaction_session_timeout = 0;
SET client_encoding = 'UTF8';
SET standard_conforming_strings = on;
SELECT pg_catalog.set_config('search_path', '', false);
SET check_function_bodies = false;
SET xmloption = content;
SET client_min_messages = warning;
SET row_security = off;

SET default_tablespace = '';

SET default_table_access_method = heap;

--
-- Name: auth_group; Type: TABLE; Schema: public; Owner: matin
--

CREATE TABLE public.auth_group (
    id integer NOT NULL,
    name character varying(150) NOT NULL
);


ALTER TABLE public.auth_group OWNER TO matin;

--
-- Name: auth_group_id_seq; Type: SEQUENCE; Schema: public; Owner: matin
--

ALTER TABLE public.auth_group ALTER COLUMN id ADD GENERATED BY DEFAULT AS IDENTITY (
    SEQUENCE NAME public.auth_group_id_seq
    START WITH 1
    INCREMENT BY 1
    NO MINVALUE
    NO MAXVALUE
    CACHE 1
);


--
-- Name: auth_group_permissions; Type: TABLE; Schema: public; Owner: matin
--

CREATE TABLE public.auth_group_permissions (
    id bigint NOT NULL,
    group_id integer NOT NULL,
    permission_id integer NOT NULL
);


ALTER TABLE public.auth_group_permissions OWNER TO matin;

--
-- Name: auth_group_permissions_id_seq; Type: SEQUENCE; Schema: public; Owner: matin
--

ALTER TABLE public.auth_group_permissions ALTER COLUMN id ADD GENERATED BY DEFAULT AS IDENTITY (
    SEQUENCE NAME public.auth_group_permissions_id_seq
    START WITH 1
    INCREMENT BY 1
    NO MINVALUE
    NO MAXVALUE
    CACHE 1
);


--
-- Name: auth_permission; Type: TABLE; Schema: public; Owner: matin
--

CREATE TABLE public.auth_permission (
    id integer NOT NULL,
    name character varying(255) NOT NULL,
    content_type_id integer NOT NULL,
    codename character varying(100) NOT NULL
);


ALTER TABLE public.auth_permission OWNER TO matin;

--
-- Name: auth_permission_id_seq; Type: SEQUENCE; Schema: public; Owner: matin
--

ALTER TABLE public.auth_permission ALTER COLUMN id ADD GENERATED BY DEFAULT AS IDENTITY (
    SEQUENCE NAME public.auth_permission_id_seq
    START WITH 1
    INCREMENT BY 1
    NO MINVALUE
    NO MAXVALUE
    CACHE 1
);


--
-- Name: auth_user; Type: TABLE; Schema: public; Owner: matin
--

CREATE TABLE public.auth_user (
    id integer NOT NULL,
    password character varying(128) NOT NULL,
    last_login timestamp with time zone,
    is_superuser boolean NOT NULL,
    username character varying(150) NOT NULL,
    first_name character varying(150) NOT NULL,
    last_name character varying(150) NOT NULL,
    email character varying(254) NOT NULL,
    is_staff boolean NOT NULL,
    is_active boolean NOT NULL,
    date_joined timestamp with time zone NOT NULL
);


ALTER TABLE public.auth_user OWNER TO matin;

--
-- Name: auth_user_groups; Type: TABLE; Schema: public; Owner: matin
--

CREATE TABLE public.auth_user_groups (
    id bigint NOT NULL,
    user_id integer NOT NULL,
    group_id integer NOT NULL
);


ALTER TABLE public.auth_user_groups OWNER TO matin;

--
-- Name: auth_user_groups_id_seq; Type: SEQUENCE; Schema: public; Owner: matin
--

ALTER TABLE public.auth_user_groups ALTER COLUMN id ADD GENERATED BY DEFAULT AS IDENTITY (
    SEQUENCE NAME public.auth_user_groups_id_seq
    START WITH 1
    INCREMENT BY 1
    NO MINVALUE
    NO MAXVALUE
    CACHE 1
);


--
-- Name: auth_user_id_seq; Type: SEQUENCE; Schema: public; Owner: matin
--

ALTER TABLE public.auth_user ALTER COLUMN id ADD GENERATED BY DEFAULT AS IDENTITY (
    SEQUENCE NAME public.auth_user_id_seq
    START WITH 1
    INCREMENT BY 1
    NO MINVALUE
    NO MAXVALUE
    CACHE 1
);


--
-- Name: auth_user_user_permissions; Type: TABLE; Schema: public; Owner: matin
--

CREATE TABLE public.auth_user_user_permissions (
    id bigint NOT NULL,
    user_id integer NOT NULL,
    permission_id integer NOT NULL
);


ALTER TABLE public.auth_user_user_permissions OWNER TO matin;

--
-- Name: auth_user_user_permissions_id_seq; Type: SEQUENCE; Schema: public; Owner: matin
--

ALTER TABLE public.auth_user_user_permissions ALTER COLUMN id ADD GENERATED BY DEFAULT AS IDENTITY (
    SEQUENCE NAME public.auth_user_user_permissions_id_seq
    START WITH 1
    INCREMENT BY 1
    NO MINVALUE
    NO MAXVALUE
    CACHE 1
);


--
-- Name: django_admin_log; Type: TABLE; Schema: public; Owner: matin
--

CREATE TABLE public.django_admin_log (
    id integer NOT NULL,
    action_time timestamp with time zone NOT NULL,
    object_id text,
    object_repr character varying(200) NOT NULL,
    action_flag smallint NOT NULL,
    change_message text NOT NULL,
    content_type_id integer,
    user_id integer NOT NULL,
    CONSTRAINT django_admin_log_action_flag_check CHECK ((action_flag >= 0))
);


ALTER TABLE public.django_admin_log OWNER TO matin;

--
-- Name: django_admin_log_id_seq; Type: SEQUENCE; Schema: public; Owner: matin
--

ALTER TABLE public.django_admin_log ALTER COLUMN id ADD GENERATED BY DEFAULT AS IDENTITY (
    SEQUENCE NAME public.django_admin_log_id_seq
    START WITH 1
    INCREMENT BY 1
    NO MINVALUE
    NO MAXVALUE
    CACHE 1
);


--
-- Name: django_content_type; Type: TABLE; Schema: public; Owner: matin
--

CREATE TABLE public.django_content_type (
    id integer NOT NULL,
    app_label character varying(100) NOT NULL,
    model character varying(100) NOT NULL
);


ALTER TABLE public.django_content_type OWNER TO matin;

--
-- Name: django_content_type_id_seq; Type: SEQUENCE; Schema: public; Owner: matin
--

ALTER TABLE public.django_content_type ALTER COLUMN id ADD GENERATED BY DEFAULT AS IDENTITY (
    SEQUENCE NAME public.django_content_type_id_seq
    START WITH 1
    INCREMENT BY 1
    NO MINVALUE
    NO MAXVALUE
    CACHE 1
);


--
-- Name: django_migrations; Type: TABLE; Schema: public; Owner: matin
--

CREATE TABLE public.django_migrations (
    id bigint NOT NULL,
    app character varying(255) NOT NULL,
    name character varying(255) NOT NULL,
    applied timestamp with time zone NOT NULL
);


ALTER TABLE public.django_migrations OWNER TO matin;

--
-- Name: django_migrations_id_seq; Type: SEQUENCE; Schema: public; Owner: matin
--

ALTER TABLE public.django_migrations ALTER COLUMN id ADD GENERATED BY DEFAULT AS IDENTITY (
    SEQUENCE NAME public.django_migrations_id_seq
    START WITH 1
    INCREMENT BY 1
    NO MINVALUE
    NO MAXVALUE
    CACHE 1
);


--
-- Name: django_session; Type: TABLE; Schema: public; Owner: matin
--

CREATE TABLE public.django_session (
    session_key character varying(40) NOT NULL,
    session_data text NOT NULL,
    expire_date timestamp with time zone NOT NULL
);


ALTER TABLE public.django_session OWNER TO matin;

--
-- Name: home_category; Type: TABLE; Schema: public; Owner: matin
--

CREATE TABLE public.home_category (
    id bigint NOT NULL,
    name character varying(255) NOT NULL,
    slug character varying(50) NOT NULL
);


ALTER TABLE public.home_category OWNER TO matin;

--
-- Name: home_category_id_seq; Type: SEQUENCE; Schema: public; Owner: matin
--

ALTER TABLE public.home_category ALTER COLUMN id ADD GENERATED BY DEFAULT AS IDENTITY (
    SEQUENCE NAME public.home_category_id_seq
    START WITH 1
    INCREMENT BY 1
    NO MINVALUE
    NO MAXVALUE
    CACHE 1
);


--
-- Name: home_product; Type: TABLE; Schema: public; Owner: matin
--

CREATE TABLE public.home_product (
    id bigint NOT NULL,
    name character varying(255) NOT NULL,
    slug character varying(50) NOT NULL,
    image character varying(100) NOT NULL,
    category_id bigint,
    benefits text,
    history text,
    precautions text,
    usage text,
    created_at timestamp with time zone,
    updated_at timestamp with time zone
);


ALTER TABLE public.home_product OWNER TO matin;

--
-- Name: home_product_id_seq; Type: SEQUENCE; Schema: public; Owner: matin
--

ALTER TABLE public.home_product ALTER COLUMN id ADD GENERATED BY DEFAULT AS IDENTITY (
    SEQUENCE NAME public.home_product_id_seq
    START WITH 1
    INCREMENT BY 1
    NO MINVALUE
    NO MAXVALUE
    CACHE 1
);


--
-- Data for Name: auth_group; Type: TABLE DATA; Schema: public; Owner: matin
--

COPY public.auth_group (id, name) FROM stdin;
\.


--
-- Data for Name: auth_group_permissions; Type: TABLE DATA; Schema: public; Owner: matin
--

COPY public.auth_group_permissions (id, group_id, permission_id) FROM stdin;
\.


--
-- Data for Name: auth_permission; Type: TABLE DATA; Schema: public; Owner: matin
--

COPY public.auth_permission (id, name, content_type_id, codename) FROM stdin;
1	Can add log entry	1	add_logentry
2	Can change log entry	1	change_logentry
3	Can delete log entry	1	delete_logentry
4	Can view log entry	1	view_logentry
5	Can add permission	2	add_permission
6	Can change permission	2	change_permission
7	Can delete permission	2	delete_permission
8	Can view permission	2	view_permission
9	Can add group	3	add_group
10	Can change group	3	change_group
11	Can delete group	3	delete_group
12	Can view group	3	view_group
13	Can add user	4	add_user
14	Can change user	4	change_user
15	Can delete user	4	delete_user
16	Can view user	4	view_user
17	Can add content type	5	add_contenttype
18	Can change content type	5	change_contenttype
19	Can delete content type	5	delete_contenttype
20	Can view content type	5	view_contenttype
21	Can add session	6	add_session
22	Can change session	6	change_session
23	Can delete session	6	delete_session
24	Can view session	6	view_session
25	Can add category	7	add_category
26	Can change category	7	change_category
27	Can delete category	7	delete_category
28	Can view category	7	view_category
29	Can add product	8	add_product
30	Can change product	8	change_product
31	Can delete product	8	delete_product
32	Can view product	8	view_product
\.


--
-- Data for Name: auth_user; Type: TABLE DATA; Schema: public; Owner: matin
--

COPY public.auth_user (id, password, last_login, is_superuser, username, first_name, last_name, email, is_staff, is_active, date_joined) FROM stdin;
1	pbkdf2_sha256$1000000$gkeE13GL4duhsnj1ataLK2$2j0+rAX5DHcFsKZ5mvwGiC2YFe31Y3jHu43QkwYrzu8=	2026-06-15 17:00:47.363755+00	t	root			root@email.com	t	t	2026-06-15 17:00:34.523835+00
\.


--
-- Data for Name: auth_user_groups; Type: TABLE DATA; Schema: public; Owner: matin
--

COPY public.auth_user_groups (id, user_id, group_id) FROM stdin;
\.


--
-- Data for Name: auth_user_user_permissions; Type: TABLE DATA; Schema: public; Owner: matin
--

COPY public.auth_user_user_permissions (id, user_id, permission_id) FROM stdin;
\.


--
-- Data for Name: django_admin_log; Type: TABLE DATA; Schema: public; Owner: matin
--

COPY public.django_admin_log (id, action_time, object_id, object_repr, action_flag, change_message, content_type_id, user_id) FROM stdin;
1	2026-06-15 17:01:08.454128+00	1	چای ها	1	[{"added": {}}]	7	1
2	2026-06-15 17:01:42.622292+00	1	چای ممتاز قلمی	1	[{"added": {}}]	8	1
3	2026-06-15 17:11:43.926404+00	2	چای سیاه	1	[{"added": {}}]	8	1
4	2026-06-18 09:41:41.337783+00	2	چای سیاه	2	[{"changed": {"fields": ["\\u0627\\u0633\\u0644\\u0627\\u06af"]}}]	8	1
5	2026-06-18 09:41:53.801123+00	1	چای ها	2	[{"changed": {"fields": ["\\u0627\\u0633\\u0644\\u0627\\u06af"]}}]	7	1
6	2026-06-18 09:42:09.25952+00	1	چای ممتاز قلمی	2	[{"changed": {"fields": ["\\u0627\\u0633\\u0644\\u0627\\u06af"]}}]	8	1
7	2026-06-18 11:35:20.775154+00	2	چای سیاه خالص	2	[{"changed": {"fields": ["\\u0646\\u0627\\u0645 \\u0645\\u062d\\u0635\\u0648\\u0644", "\\u0639\\u06a9\\u0633", "\\u062a\\u0627\\u0631\\u06cc\\u062e\\u0686\\u0647", "\\u0641\\u0648\\u0627\\u06cc\\u062f", "\\u0637\\u0631\\u06cc\\u0642\\u0647 \\u0645\\u0635\\u0631\\u0641", "\\u0645\\u0648\\u0627\\u0631\\u062f \\u0627\\u062d\\u062a\\u06cc\\u0627\\u0637"]}}]	8	1
8	2026-06-18 11:36:24.290015+00	1	چای ممتاز قلمی	2	[{"changed": {"fields": ["\\u062a\\u0627\\u0631\\u06cc\\u062e\\u0686\\u0647", "\\u0641\\u0648\\u0627\\u06cc\\u062f", "\\u0637\\u0631\\u06cc\\u0642\\u0647 \\u0645\\u0635\\u0631\\u0641", "\\u0645\\u0648\\u0627\\u0631\\u062f \\u0627\\u062d\\u062a\\u06cc\\u0627\\u0637"]}}]	8	1
9	2026-06-18 11:37:34.790834+00	1	چای ها	2	[{"changed": {"fields": ["\\u0627\\u0633\\u0644\\u0627\\u06af"]}}]	7	1
10	2026-06-18 11:37:50.070814+00	1	چای خالص	2	[{"changed": {"fields": ["\\u0646\\u0627\\u0645 \\u062f\\u0633\\u062a\\u0647 \\u0628\\u0646\\u062f\\u06cc"]}}]	7	1
11	2026-06-18 11:40:48.440341+00	3	چای سبز خالص	1	[{"added": {}}]	8	1
12	2026-06-18 11:42:10.040997+00	4	چای سیاه ویژه	1	[{"added": {}}]	8	1
13	2026-06-18 13:39:38.524241+00	5	چای سیاه شکسته	1	[{"added": {}}]	8	1
14	2026-06-18 13:39:49.096752+00	5	چای سیاه شکسته	2	[{"changed": {"fields": ["\\u0627\\u0633\\u0644\\u0627\\u06af"]}}]	8	1
15	2026-06-18 13:42:42.682527+00	6	جای اصیل ایرانی	1	[{"added": {}}]	8	1
16	2026-06-18 13:44:00.817928+00	7	چای سفید	1	[{"added": {}}]	8	1
17	2026-06-18 13:44:38.165445+00	2	مخلوط چای سبز	1	[{"added": {}}]	7	1
18	2026-06-18 13:48:07.37191+00	6	جای اصیل ایرانی	2	[{"changed": {"fields": ["\\u0627\\u0633\\u0644\\u0627\\u06af"]}}]	8	1
19	2026-06-18 13:49:00.301766+00	5	چای سیاه شکسته و دارجلینگ	2	[{"changed": {"fields": ["\\u0646\\u0627\\u0645 \\u0645\\u062d\\u0635\\u0648\\u0644", "\\u0627\\u0633\\u0644\\u0627\\u06af"]}}]	8	1
20	2026-06-18 13:49:11.308587+00	4	چای سیاه ویژه	2	[{"changed": {"fields": ["\\u0627\\u0633\\u0644\\u0627\\u06af"]}}]	8	1
21	2026-06-18 13:49:21.945813+00	2	چای سیاه خالص	2	[{"changed": {"fields": ["\\u0627\\u0633\\u0644\\u0627\\u06af"]}}]	8	1
22	2026-06-18 13:49:34.221773+00	1	چای ممتاز قلمی	2	[{"changed": {"fields": ["\\u0627\\u0633\\u0644\\u0627\\u06af"]}}]	8	1
23	2026-06-18 13:49:45.180081+00	7	چای سفید	2	[{"changed": {"fields": ["\\u0627\\u0633\\u0644\\u0627\\u06af"]}}]	8	1
24	2026-06-18 13:49:58.79954+00	2	مخلوط چای سبز	2	[{"changed": {"fields": ["\\u0627\\u0633\\u0644\\u0627\\u06af"]}}]	7	1
25	2026-06-18 13:55:27.354+00	8	چای سبز و سیب ترش	1	[{"added": {}}]	8	1
26	2026-06-18 13:56:50.170432+00	9	چای سبز و گزنه و برگ زیتون	1	[{"added": {}}]	8	1
27	2026-06-18 14:38:55.093093+00	10	چای سبز و لیمو	1	[{"added": {}}]	8	1
28	2026-06-18 14:40:49.453168+00	11	چای سبز و آلوورا	1	[{"added": {}}]	8	1
29	2026-06-18 14:41:48.406862+00	12	چای سبز و نعنا فلفلی	1	[{"added": {}}]	8	1
30	2026-06-18 14:43:01.441847+00	13	چای سبز و بهار نارنج	1	[{"added": {}}]	8	1
31	2026-06-18 14:44:08.783006+00	14	چای سبز و رزماری و گل محمدی	1	[{"added": {}}]	8	1
32	2026-06-18 14:45:36.569324+00	15	چای سبز و به لیمو	1	[{"added": {}}]	8	1
33	2026-06-18 14:51:21.647725+00	16	چای سبز و جنسینگ	1	[{"added": {}}]	8	1
34	2026-06-18 14:52:35.938775+00	17	چای سبز و زوفا	1	[{"added": {}}]	8	1
35	2026-06-18 15:19:36.400384+00	12	چای سبز و نعنا فلفلی	2	[{"changed": {"fields": ["\\u0627\\u0633\\u0644\\u0627\\u06af"]}}]	8	1
36	2026-06-18 15:19:48.727468+00	13	چای سبز و بهار نارنج	2	[{"changed": {"fields": ["\\u0627\\u0633\\u0644\\u0627\\u06af"]}}]	8	1
37	2026-06-18 15:19:58.595578+00	14	چای سبز و رزماری و گل محمدی	2	[{"changed": {"fields": ["\\u0627\\u0633\\u0644\\u0627\\u06af"]}}]	8	1
38	2026-06-18 15:20:11.091345+00	15	چای سبز و به لیمو	2	[{"changed": {"fields": ["\\u0627\\u0633\\u0644\\u0627\\u06af"]}}]	8	1
39	2026-06-18 15:20:25.294521+00	16	چای سبز و جنسینگ	2	[{"changed": {"fields": ["\\u0627\\u0633\\u0644\\u0627\\u06af"]}}]	8	1
40	2026-06-18 15:20:39.507689+00	17	چای سبز و زوفا	2	[{"changed": {"fields": ["\\u0627\\u0633\\u0644\\u0627\\u06af"]}}]	8	1
41	2026-06-18 15:20:51.066312+00	11	چای سبز و آلوورا	2	[{"changed": {"fields": ["\\u0627\\u0633\\u0644\\u0627\\u06af"]}}]	8	1
42	2026-06-18 15:21:03.355334+00	10	چای سبز و لیمو	2	[{"changed": {"fields": ["\\u0627\\u0633\\u0644\\u0627\\u06af"]}}]	8	1
43	2026-06-18 15:21:19.768291+00	8	چای سبز و سیب ترش	2	[{"changed": {"fields": ["\\u0627\\u0633\\u0644\\u0627\\u06af"]}}]	8	1
44	2026-06-18 15:21:58.789954+00	3	مخلوط چای سبز	1	[{"added": {}}]	7	1
45	2026-06-18 15:22:14.390146+00	3	مخلوط چای سیاه	2	[{"changed": {"fields": ["\\u0646\\u0627\\u0645 \\u062f\\u0633\\u062a\\u0647 \\u0628\\u0646\\u062f\\u06cc"]}}]	7	1
46	2026-06-21 14:33:07.67978+00	18	چای سیاه ارل گری	1	[{"added": {}}]	8	1
47	2026-06-21 14:35:37.499209+00	19	چای سیاه و پرتقال	1	[{"added": {}}]	8	1
48	2026-06-21 14:37:43.329426+00	20	چای سیاه و آلبالو	1	[{"added": {}}]	8	1
49	2026-06-22 10:17:32.151806+00	21	چای سیاه و بادرنجبویه	1	[{"added": {}}]	8	1
50	2026-06-22 10:19:08.945403+00	22	چای سیاه و زنجبیل	1	[{"added": {}}]	8	1
51	2026-06-22 10:20:29.846944+00	23	چای سیاه و نعناع	1	[{"added": {}}]	8	1
52	2026-06-22 10:21:47.665579+00	24	چای سیاه و بهارنارنج	1	[{"added": {}}]	8	1
53	2026-06-22 10:23:14.807404+00	25	چای سیاه و وانیل	1	[{"added": {}}]	8	1
54	2026-06-22 10:29:17.100367+00	26	چای سیاه و دارچین	1	[{"added": {}}]	8	1
55	2026-06-22 10:34:30.561967+00	27	چای سیاه و کرن بری	1	[{"added": {}}]	8	1
56	2026-06-22 10:37:27.09113+00	28	چای سیاه و تمشک آبی	1	[{"added": {}}]	8	1
57	2026-06-22 10:57:12.293081+00	29	چای سیاه و توت فرنگی	1	[{"added": {}}]	8	1
58	2026-06-22 13:52:38.181181+00	30	چای سیاه و هلو	1	[{"added": {}}]	8	1
59	2026-06-22 13:53:58.344689+00	31	چای سیاه و هل	1	[{"added": {}}]	8	1
60	2026-06-22 13:55:21.305968+00	32	چای ماسالا	1	[{"added": {}}]	8	1
61	2026-06-22 13:56:45.026116+00	33	چای سیاه و زعفران	1	[{"added": {}}]	8	1
62	2026-06-22 13:57:21.924659+00	18	چای سیاه ارل گری	2	[{"changed": {"fields": ["\\u0627\\u0633\\u0644\\u0627\\u06af"]}}]	8	1
63	2026-06-22 13:57:33.257189+00	19	چای سیاه و پرتقال	2	[{"changed": {"fields": ["\\u0627\\u0633\\u0644\\u0627\\u06af"]}}]	8	1
64	2026-06-22 13:57:50.6267+00	20	چای سیاه و آلبالو	2	[{"changed": {"fields": ["\\u0627\\u0633\\u0644\\u0627\\u06af"]}}]	8	1
65	2026-06-22 13:58:14.99142+00	21	چای سیاه و بادرنجبویه	2	[{"changed": {"fields": ["\\u0627\\u0633\\u0644\\u0627\\u06af"]}}]	8	1
66	2026-06-22 13:58:26.701676+00	22	چای سیاه و زنجبیل	2	[{"changed": {"fields": ["\\u0627\\u0633\\u0644\\u0627\\u06af"]}}]	8	1
67	2026-06-22 13:59:06.082841+00	23	چای سیاه و نعناع	2	[{"changed": {"fields": ["\\u0627\\u0633\\u0644\\u0627\\u06af"]}}]	8	1
68	2026-06-22 13:59:18.272851+00	24	چای سیاه و بهارنارنج	2	[{"changed": {"fields": ["\\u0627\\u0633\\u0644\\u0627\\u06af"]}}]	8	1
69	2026-06-22 13:59:52.027356+00	25	چای سیاه و وانیل	2	[{"changed": {"fields": ["\\u0627\\u0633\\u0644\\u0627\\u06af"]}}]	8	1
70	2026-06-22 14:00:03.57946+00	26	چای سیاه و دارچین	2	[{"changed": {"fields": ["\\u0627\\u0633\\u0644\\u0627\\u06af"]}}]	8	1
71	2026-06-22 14:00:13.498073+00	27	چای سیاه و کرن بری	2	[{"changed": {"fields": ["\\u0627\\u0633\\u0644\\u0627\\u06af"]}}]	8	1
72	2026-06-22 14:00:22.164441+00	28	چای سیاه و تمشک آبی	2	[{"changed": {"fields": ["\\u0627\\u0633\\u0644\\u0627\\u06af"]}}]	8	1
73	2026-06-22 14:00:31.019174+00	29	چای سیاه و توت فرنگی	2	[{"changed": {"fields": ["\\u0627\\u0633\\u0644\\u0627\\u06af"]}}]	8	1
74	2026-06-22 14:00:40.838431+00	30	چای سیاه و هلو	2	[{"changed": {"fields": ["\\u0627\\u0633\\u0644\\u0627\\u06af"]}}]	8	1
75	2026-06-22 14:00:53.677908+00	31	چای سیاه و هل	2	[{"changed": {"fields": ["\\u0627\\u0633\\u0644\\u0627\\u06af"]}}]	8	1
76	2026-06-22 14:01:06.603107+00	32	چای ماسالا	2	[{"changed": {"fields": ["\\u0627\\u0633\\u0644\\u0627\\u06af"]}}]	8	1
77	2026-06-22 14:01:19.299783+00	33	چای سیاه و زعفران	2	[{"changed": {"fields": ["\\u0627\\u0633\\u0644\\u0627\\u06af"]}}]	8	1
78	2026-06-22 14:04:06.070923+00	4	روغن خالص	1	[{"added": {}}]	7	1
79	2026-06-22 14:06:10.443834+00	34	روغن گردو	1	[{"added": {}}]	8	1
80	2026-06-22 14:07:33.479638+00	34	روغن گردو	2	[{"changed": {"fields": ["\\u0627\\u0633\\u0644\\u0627\\u06af"]}}]	8	1
81	2026-06-22 14:09:30.27476+00	35	روغن تخم کتان	1	[{"added": {}}]	8	1
82	2026-06-22 14:11:12.808087+00	36	روغن تخمه کدو	1	[{"added": {}}]	8	1
83	2026-06-22 14:13:30.682131+00	37	روغن فندق	1	[{"added": {}}]	8	1
84	2026-06-22 14:15:41.903857+00	38	روغن بادام شیرین	1	[{"added": {}}]	8	1
85	2026-06-22 14:17:50.852385+00	5	دانه	1	[{"added": {}}]	7	1
86	2026-06-22 14:19:44.391298+00	39	تخم کتان	1	[{"added": {}}]	8	1
\.


--
-- Data for Name: django_content_type; Type: TABLE DATA; Schema: public; Owner: matin
--

COPY public.django_content_type (id, app_label, model) FROM stdin;
1	admin	logentry
2	auth	permission
3	auth	group
4	auth	user
5	contenttypes	contenttype
6	sessions	session
7	home	category
8	home	product
\.


--
-- Data for Name: django_migrations; Type: TABLE DATA; Schema: public; Owner: matin
--

COPY public.django_migrations (id, app, name, applied) FROM stdin;
1	contenttypes	0001_initial	2026-06-15 13:05:57.147953+00
2	auth	0001_initial	2026-06-15 13:05:58.879436+00
3	admin	0001_initial	2026-06-15 13:05:59.235445+00
4	admin	0002_logentry_remove_auto_add	2026-06-15 13:05:59.263308+00
5	admin	0003_logentry_add_action_flag_choices	2026-06-15 13:05:59.297966+00
6	contenttypes	0002_remove_content_type_name	2026-06-15 13:05:59.336554+00
7	auth	0002_alter_permission_name_max_length	2026-06-15 13:05:59.365306+00
8	auth	0003_alter_user_email_max_length	2026-06-15 13:05:59.397011+00
9	auth	0004_alter_user_username_opts	2026-06-15 13:05:59.42935+00
10	auth	0005_alter_user_last_login_null	2026-06-15 13:05:59.465162+00
11	auth	0006_require_contenttypes_0002	2026-06-15 13:05:59.491167+00
12	auth	0007_alter_validators_add_error_messages	2026-06-15 13:05:59.518856+00
13	auth	0008_alter_user_username_max_length	2026-06-15 13:05:59.624716+00
14	auth	0009_alter_user_last_name_max_length	2026-06-15 13:05:59.651653+00
15	auth	0010_alter_group_name_max_length	2026-06-15 13:05:59.686786+00
16	auth	0011_update_proxy_permissions	2026-06-15 13:05:59.729654+00
17	auth	0012_alter_user_first_name_max_length	2026-06-15 13:05:59.76131+00
18	home	0001_initial	2026-06-15 13:06:00.779817+00
19	home	0002_alter_product_extra_info	2026-06-15 13:06:00.804276+00
20	home	0003_remove_product_description_remove_product_extra_info_and_more	2026-06-15 13:06:00.842402+00
21	home	0004_product_created_at_product_updated_at	2026-06-15 13:06:00.875612+00
22	home	0005_delete_article	2026-06-15 13:06:00.903809+00
23	sessions	0001_initial	2026-06-15 13:06:01.191248+00
\.


--
-- Data for Name: django_session; Type: TABLE DATA; Schema: public; Owner: matin
--

COPY public.django_session (session_key, session_data, expire_date) FROM stdin;
0n7ud03ply8vyckg91j0ieaxeqoe2b9s	.eJxVjDsOwyAQRO9CHSF-xpAyvc-AlmUJTiKQjF1FuXtsyUXSTDHvzbxZgG0tYeu0hDmxK5Ps8ttFwCfVA6QH1Hvj2Oq6zJEfCj9p51NL9Lqd7t9BgV72tR6TEM4oNRqd0SHSnokg6xyFkx4GkkmitwaNj1aDEg6dGSJFhaQt-3wB8Eg4YA:1wZAg3:SxWY1YxOMLau4eLeQhCdEH-TEX7z7BMZiYIR1f9OMvk	2026-06-29 17:00:47.42511+00
\.


--
-- Data for Name: home_category; Type: TABLE DATA; Schema: public; Owner: matin
--

COPY public.home_category (id, name, slug) FROM stdin;
1	چای خالص	pure-tea
2	مخلوط چای سبز	green-tea-blends
3	مخلوط چای سیاه	black-tea-blends
4	روغن خالص	pure-oil
5	دانه	seeds
\.


--
-- Data for Name: home_product; Type: TABLE DATA; Schema: public; Owner: matin
--

COPY public.home_product (id, name, slug, image, category_id, benefits, history, precautions, usage, created_at, updated_at) FROM stdin;
1	چای ممتاز قلمی	premium-orthodox-black-tea	products/چای_سیاه_ممتاز_قلمی.jpg	1	سرشار از آنتی‌اکسیدان‌ها که به تقویت سیستم ایمنی و کاهش استرس اکسیداتیو کمک می‌کند.\r\nافزایش انرژی و تمرکز ذهنی به دلیل وجود کافئین طبیعی.\r\nبهبود سلامت قلب و گردش خون و کمک به کاهش کلسترول.\r\nکمک به سلامت دستگاه گوارش و هضم بهتر غذا.\r\nایجاد حس آرامش و کاهش استرس روزانه.	محصولی ممتاز از بوته‌های باغ چای اختصاصی نیوشا واقع در فومن که از سال 1396 و همزمان با افتتاح این باغ به جمع محصولات شرکت پیوسته است. این باغ مجهز به سیستم آبیاری مکانیزه است و تحت نظر متخصصین کشاورزی چای اداره می‌گردد و در آن، برای نگهداری بوته‌ها از سموم و آفت‌کش‌ها استفاده نمی‌شود.	مصرف زیاد (بیش از ۴–۵ لیوان در روز) ممکن است باعث بی‌خوابی، تپش قلب یا افزایش فشار خون شود.\r\nافراد حساس به کافئین بهتر است میزان مصرف را محدود کنند.\r\nدر دوران بارداری و شیردهی مصرف زیاد توصیه نمی‌شود.\r\nدر صورت ابتلا به مشکلات گوارشی یا زخم معده با احتیاط مصرف شود.	۱ قاشق چای‌خوری چای سیاه ممتاز قلمی را در یک لیوان آب جوش بریزید.\r\nاجازه دهید به مدت ۵ تا ۷ دقیقه دم بکشد تا عطر و طعم طبیعی‌اش آزاد شود.\r\nمی‌توانید با عسل، نبات یا لیمو میل کنید.\r\nبهترین زمان مصرف: صبح یا عصر.\r\nروزانه ۲ تا ۳ بار مصرف توصیه می‌شود.	2026-06-18 13:49:34.220407+00	2026-06-15 17:01:42.604306+00
3	چای سبز خالص	pure-gree-tea	products/چای_خالص.jpg	1	سرشار از آنتی‌اکسیدان‌ها (کاتچین‌ها) برای کاهش استرس اکسیداتیو و پیشگیری از بیماری‌ها.\r\nکمک به کاهش وزن و افزایش متابولیسم بدن.\r\nبهبود سلامت قلب و عروق با کاهش کلسترول و فشار خون.\r\nتقویت تمرکز و حافظه به دلیل وجود کافئین ملایم و ال-تیانین.\r\nافزایش سیستم ایمنی بدن و کاهش احتمال ابتلا به بیماری‌های عفونی.	این محصول 20 عددی که از سال 1391 در حال تولید است، از چای سبز خالص تشکیل است. چای به کار رفته در این محصول حاصل برداشت تابستانه از باغ نیوشا در فومن است و در آن از آفت‌کش‌ها و سموم گیاهی استفاده نمی‌شود.	مصرف زیاد (بیش از ۵ فنجان در روز) ممکن است باعث بی‌خوابی، اضطراب یا تپش قلب شود.\r\nافراد با مشکلات معده یا رفلاکس بهتر است با احتیاط و در وعده‌های کم مصرف کنند.\r\nدر دوران بارداری و شیردهی مصرف زیاد توصیه نمی‌شود.\r\nمصرف همزمان با داروهای ضدانعقاد خون (مثل وارفارین) باید با مشورت پزشک باشد.	۱ قاشق چای‌خوری چای سبز خالص را در یک لیوان آب جوش (۸۰–۸۵ درجه، نه خیلی داغ) بریزید.\r\nبه مدت ۲ تا ۳ دقیقه دم بکشد (دم زیاد باعث تلخی می‌شود).\r\nمی‌توانید با عسل یا لیمو میل کنید.\r\nبهترین زمان مصرف: بین وعده‌های غذایی یا ۱ ساعت بعد از غذا.\r\nروزانه ۲–۳ فنجان توصیه می‌شود.	2026-06-18 11:40:48.403224+00	2026-06-18 11:40:48.403258+00
27	چای سیاه و کرن بری	black-tea-cranberry	products/چای_سیاه_و_کرن_بری.jpg	3	ترکیب چای سیاه و کرن‌بری سرشار از آنتی‌اکسیدان‌ها بوده و به تقویت سیستم ایمنی بدن کمک می‌کند.\r\nکرن‌بری به حفظ سلامت دستگاه ادراری و کاهش خطر عفونت‌های ادراری کمک می‌کند.\r\nکمک به سلامت قلب و عروق و بهبود گردش خون.\r\nافزایش انرژی و تمرکز ذهنی به دلیل کافئین طبیعی موجود در چای سیاه.\r\nکمک به کاهش التهاب و محافظت از سلول‌های بدن در برابر رادیکال‌های آزاد.\r\nایجاد طعمی دلپذیر با ترکیبی از مزه ملایم چای و ترشی مطبوع کرن‌بری	این محصول یکی دیگر از چای‌های ترکیبی است که تولید آن از سال 1392 آغاز شده است. در این محصول علاوه بر اینکه از تکه‌های رنده شده میوه کرن بری در ترکیب با چای سیاه هندی استفاده شده است، برای خلق طعمی بهتر و مطلوب‌تر، از اسانس مشابه طبیعی این میوه نیز استفاده شده است.کرن بری یکی از میوه‌های بسیار مفید و مغذی بومی آمریکای شمالی است که در ابتدا فقط بومیان آنجا از آن برای درمان بیماری‌های مثانه و کلیه استفاده می‌کردند. اما امروزه شهرت این میوه جهانی شده است و در سراسر دنیا از آن برای کاهش خطر ابتلا به عفونت‌های مجاری ادراری استفاده می‌کنند.	مصرف بیش از حد ممکن است باعث بی‌خوابی، اضطراب یا تپش قلب در افراد حساس به کافئین شود.\r\nافراد دارای سنگ کلیه (به‌ویژه سنگ‌های اگزالاتی) بهتر است در مصرف کرن‌بری احتیاط کنند.\r\nدر صورت مصرف داروهای رقیق‌کننده خون مانند وارفارین، پیش از مصرف منظم با پزشک مشورت شود.\r\nزنان باردار و شیرده بهتر است مصرف متعادل داشته باشند.\r\nدر صورت بروز حساسیت به کرن‌بری یا سایر میوه‌های مشابه، مصرف را متوقف کنید.	۱ قاشق چای‌خوری از ترکیب چای سیاه و کرن‌بری را در یک لیوان آب جوش بریزید.\r\nاجازه دهید ۳ تا ۵ دقیقه دم بکشد.\r\nمی‌توانید آن را به صورت ساده یا همراه با عسل میل کنید.\r\nبهترین زمان مصرف: صبح یا عصر.\r\nروزانه ۱ تا ۳ فنجان مصرف شود.	2026-06-22 14:00:13.496978+00	2026-06-22 10:34:30.560564+00
28	چای سیاه و تمشک آبی	black-tea-blueberry	products/چای_سیاه_و_تمشک_آبی.jpg	3	ترکیب چای سیاه و تمشک آبی (بلوبری) سرشار از آنتی‌اکسیدان‌های طبیعی بوده و به محافظت از سلول‌های بدن کمک می‌کند.\r\nتمشک آبی به تقویت حافظه و عملکرد ذهنی کمک کرده و در حفظ سلامت مغز مؤثر است.\r\nکمک به سلامت قلب و عروق و بهبود گردش خون.\r\nافزایش انرژی و تمرکز به دلیل کافئین طبیعی موجود در چای سیاه.\r\nکمک به تقویت سیستم ایمنی بدن و افزایش مقاومت در برابر بیماری‌ها.\r\nحمایت از سلامت پوست و کمک به کاهش اثرات پیری زودرس.	این محصول یکی از قدیمی‌ترین محصولاتی است که از سال تولیدش، 1392، تاکنون بخاطر خواص فوق‌العاده در کنار طعمی خاص و دلنشین، پرفروش‌ترین محصول ما از بدو تاسیس تاکنون بوده است. در این محصول ترکیبی از چای سیاه خارجی و گرانول طبیعی میوه بلوبری تولید شده توسط شرکت سوئیسی ژیودان استفاده می‌شود.تمشک آبی یا بلوبری سابقه زیادی در ایران ندارد و کشت و کار این گیاه در استان‌های گیلان و مازندران جدیداٌ شروع شده است. این درختچه از سال ششم به بعد به باردهی کامل می‌رسد و رسیدگی میوه‌های آن همزمان نیست و برداشت به صورت تدریجی و دستی انجام می‌گیرد.	مصرف بیش از حد ممکن است باعث بی‌خوابی، تپش قلب یا اضطراب در افراد حساس به کافئین شود.\r\nافراد دارای حساسیت به انواع توت‌ها و میوه‌های خانواده بری باید با احتیاط مصرف کنند.\r\nدر دوران بارداری و شیردهی مصرف متعادل توصیه می‌شود.\r\nافراد مبتلا به مشکلات گوارشی یا رفلاکس معده بهتر است مصرف را متناسب با شرایط خود تنظیم کنند.\r\nاز مصرف بیش از اندازه در ساعات پایانی شب خودداری شود.	۱ قاشق چای‌خوری از ترکیب چای سیاه و تمشک آبی را در یک لیوان آب جوش بریزید.\r\nاجازه دهید ۳ تا ۵ دقیقه دم بکشد.\r\nمی‌توانید برای طعم بهتر کمی عسل به آن اضافه کنید.\r\nبهترین زمان مصرف: صبح یا عصر.\r\nروزانه ۱ تا ۳ فنجان مصرف شود.	2026-06-22 14:00:22.162523+00	2026-06-22 10:37:27.089191+00
5	چای سیاه شکسته و دارجلینگ	broken-black-darjeeling-tea	products/چایسیاه_شکسته_و_دارجیلینگ.jpg	1	حاوی آنتی‌اکسیدان‌های طبیعی برای تقویت سیستم ایمنی بدن.\r\nافزایش هوشیاری و تمرکز به دلیل داشتن کافئین طبیعی.\r\nکمک به سلامت قلب و بهبود گردش خون.\r\nبهبود عملکرد دستگاه گوارش و کمک به هضم غذا.	چای دارجیلینگ، در باغ های چای منطقه دارجیلینگ در ایالت بنگال غربی، در شمال هند، در پای کوه های هیمالیا، کشت، تولید و فرآوری می شود. این چای، هنگامی که دم می کشد، عطر و مزه متمایز و رنگ روشنی دارد. داستان چای دارجیلینگ در حدود سال 1850 آغاز شد؛ زمانی که دکتر کمپبل، بذر چای را در باغچه خود در منطقه دارجیلینگ و 7000 فوت بالاتر از سطح دریا به طور آزمایشی کاشت. او در پرورش این گیاه موفق بود چرا که دولت، در سال 1847، این منطقه را برای تاسیس گلخانه های چای انتخاب کرده بود. دارجیلینگ قبل از آن، تنها یک دهکده کم جمعیت بود که به عنوان یک تفریحگاه توسط ارتش و برخی از مردم مرفه استفاده می شد.	مصرف زیاد ممکن است باعث بی‌خوابی، تپش قلب یا افزایش فشار خون شود.\r\nافراد حساس به کافئین باید در مصرف احتیاط کنند.\r\nدر دوران بارداری و شیردهی مصرف زیاد توصیه نمی‌شود.	۱ قاشق چای‌خوری چای سیاه شکسته را در یک لیوان آب جوش بریزید.\r\nاجازه دهید حدود ۳ تا ۵ دقیقه دم بکشد.\r\nمی‌توانید آن را با عسل یا لیمو میل کنید.\r\nبهترین زمان مصرف: صبح یا عصر، ۲–۳ فنجان در روز.	2026-06-18 13:49:00.299891+00	2026-06-18 13:39:38.522818+00
4	چای سیاه ویژه	special-black-tea	products/چای_سیاه_ویژه.jpg	1	سرشار از آنتی‌اکسیدان‌ها که به کاهش آسیب‌های سلولی و تقویت سیستم ایمنی کمک می‌کند.\r\nافزایش انرژی و تمرکز ذهنی به دلیل کافئین طبیعی.\r\nبهبود سلامت قلب و عروق و کاهش خطر ابتلا به بیماری‌های قلبی.\r\nکمک به سلامت دستگاه گوارش و بهبود فرآیند هضم.\r\nایجاد حس آرامش و شادابی در طول روز.	این محصول در سال 1388 به عنوان اولین محصول تولیدی نیوشا متولد شد. چای ویژه ترکیبی از مرغوب‌ترین چای‌های منطقه آسام در کشور هند است که با نسبتی معین با یکدیگر مخلوط شده‌اند و طعمی طبیعی، عطری دلنشین و رنگی مناسب دارد. چای‌های منطقه آسام به داشتن طعم گس مشهور هستند.	مصرف زیاد (بیش از ۴–۵ لیوان در روز) ممکن است باعث بی‌خوابی یا افزایش تپش قلب شود.\r\nافراد حساس به کافئین باید میزان مصرف را کاهش دهند.\r\nدر دوران بارداری و شیردهی مصرف زیاد توصیه نمی‌شود.\r\nدر افراد مبتلا به زخم معده یا مشکلات گوارشی بهتر است با احتیاط مصرف شود.	۱ قاشق چای‌خوری چای سیاه ویژه را در یک لیوان آب جوش بریزید.\r\nبه مدت ۳ تا ۵ دقیقه دم بکشد (بسته به شدت طعم دلخواه).\r\nمی‌توانید آن را با لیمو، عسل یا نبات میل کنید.\r\nبهترین زمان مصرف: صبح یا عصر.\r\nروزانه ۲ تا ۳ فنجان توصیه می‌شود.	2026-06-18 13:49:11.306422+00	2026-06-18 11:42:10.024627+00
7	چای سفید	white-tea	products/چای_سفید.jpg	1	سرشار از آنتی‌اکسیدان‌های قوی که به کاهش آسیب سلولی و تقویت سیستم ایمنی کمک می‌کند.\r\nکمک به سلامت قلب و عروق و کاهش کلسترول بد.\r\nتقویت پوست و مو به دلیل وجود ویتامین‌ها و مواد معدنی.\r\nافزایش تمرکز و آرامش ذهنی با کافئین ملایم و ال-تیانین.\r\nکمک به کاهش التهاب و پیشگیری از بیماری‌ها.	این محصول که از سال 1396 در جمع محصولات قرار گرفته است، یکی از گران‌ترین و در عین حال مفیدترین محصولات نیوشا محسوب می‌شود. با توجه به اینکه نژاد چای ایرانی برای تولید چای سفید مناسب و مقرون به صرفه نیست، ماده اولیه این محصول از چین وارد می‌شود.	مصرف زیاد ممکن است باعث بی‌خوابی یا تحریک‌پذیری شود.\r\nافراد حساس به کافئین بهتر است میزان مصرف را محدود کنند.\r\nدر دوران بارداری و شیردهی مصرف زیاد توصیه نمی‌شود.\r\nدر صورت داشتن مشکلات معده یا زخم گوارشی با احتیاط مصرف شود.	۱ قاشق چای‌خوری چای سفید را در یک لیوان آب با دمای ۷۵–۸۰ درجه سانتی‌گراد بریزید.\r\nاجازه دهید ۳ تا ۵ دقیقه دم بکشد تا عطر و طعم طبیعی آزاد شود.\r\nمی‌توانید بدون افزودنی یا همراه با عسل یا لیمو میل کنید.\r\nبهترین زمان مصرف: صبح یا عصر، روزانه ۲–۳ فنجان توصیه می‌شود.	2026-06-18 13:49:45.179002+00	2026-06-18 13:44:00.816824+00
6	جای اصیل ایرانی	iranian-black-tea	products/چای_اصیل_ایرانی.jpg	1	سرشار از آنتی‌اکسیدان‌های طبیعی که به تقویت سیستم ایمنی و کاهش استرس اکسیداتیو کمک می‌کند.\r\nبهبود سلامت قلب و عروق و کمک به تنظیم فشار خون.\r\nافزایش انرژی و هوشیاری ذهنی به دلیل کافئین طبیعی.\r\nکمک به هضم بهتر غذا و بهبود عملکرد دستگاه گوارش.\r\nایجاد حس آرامش و شادابی در طول روز.	این محصول از سال 1395 و پس از افتتاح باغ چای فومن به سبد محصولات اضافه شده است. چای به کار رفته در این محصول از نوع ممتاز است که در فصل بهار از باغ چای فومن برداشت می‌شود و کیفیتی بی‌نظیر از عطر و طعم را به مصرف‌کنندگان هدیه می‌دهد.	مصرف زیاد (بیش از ۴–۵ لیوان در روز) ممکن است باعث بی‌خوابی یا تپش قلب شود.\r\nافراد حساس به کافئین باید مصرف خود را محدود کنند.\r\nدر دوران بارداری و شیردهی مصرف زیاد توصیه نمی‌شود.\r\nدر افراد دارای مشکلات معده یا زخم گوارشی بهتر است با احتیاط مصرف شود.	۱ قاشق چای‌خوری چای اصیل ایرانی را در یک لیوان آب جوش بریزید.\r\nبه مدت ۵ تا ۷ دقیقه دم بکشد تا رنگ و عطر طبیعی آن آزاد شود.\r\nمی‌توانید با نبات، لیمو یا عسل میل کنید.\r\nبهترین زمان مصرف: صبحانه یا عصرانه.\r\nروزانه ۲ تا ۳ بار مصرف توصیه می‌شود.	2026-06-18 13:48:07.370526+00	2026-06-18 13:42:42.68123+00
2	چای سیاه خالص	pure-black-tea	products/چای_سیاه_خالص.jpg	1	سرشار از آنتی‌اکسیدان‌ها (مثل پلی‌فنول‌ها) که به کاهش آسیب‌های سلولی کمک می‌کند.\r\nبهبود سلامت قلب با کاهش کلسترول بد (LDL) و بهبود گردش خون.\r\nافزایش سطح انرژی و تمرکز به دلیل وجود کافئین طبیعی.\r\nکمک به کاهش استرس و بهبود خلق‌وخو با تنظیم سطح هورمون کورتیزول.\r\nحمایت از سلامت گوارش و بهبود عملکرد روده‌ها.\r\nتقویت سیستم ایمنی بدن و کاهش خطر ابتلا به برخی بیماری‌ها.	این محصول یکی از چای‌های خالصی است که در سال 1392 در سبد محصولات شرکت قرار گرفت. نیوشا برای اولین بار، در بسته‌بندی این محصول 20 عددی با بکارگیری دستگاه‌های اروپایی تی‌بگ از لفاف‌های آلومینیومی استفاده کرد که در آن زمان تکنولوژی جدیدی بود.	مصرف زیاد (بیش از ۵ فنجان در روز) ممکن است باعث بی‌خوابی، اضطراب یا تپش قلب شود.\r\nافراد با مشکلات معده یا رفلاکس بهتر است با احتیاط و در وعده‌های کم مصرف کنند.\r\nدر دوران بارداری و شیردهی مصرف زیاد توصیه نمی‌شود.\r\nمصرف همزمان با داروهای ضدانعقاد خون (مثل وارفارین) باید با مشورت پزشک باشد.	۱ قاشق چای‌خوری چای سیاه خالص را در یک لیوان آب جوش (۲۰۰ میلی‌لیتر) بریزید.\r\nاجازه دهید به مدت ۳ تا ۵ دقیقه دم بکشد.\r\nبرای طعم بهتر می‌توانید به آن لیمو یا عسل اضافه کنید.\r\nروزانه ۲ تا ۳ بار (صبح، ظهر یا عصر) مصرف شود.\r\nاز مصرف زیاد (بیش از ۴–۵ لیوان در روز) به دلیل کافئین بالا خودداری کنید.	2026-06-18 13:49:21.944655+00	2026-06-15 17:11:43.924917+00
9	چای سبز و گزنه و برگ زیتون	ddd	products/چای_سبز_و_گزنه_و_برگ_زیتون.jpg	2	ترکیبی از آنتی‌اکسیدان‌های چای سبز و برگ زیتون برای تقویت سیستم ایمنی و کاهش آسیب‌های سلولی.\r\nکمک به کاهش فشار خون و سلامت قلب به دلیل خواص برگ زیتون.\r\nافزایش متابولیسم و کنترل وزن با کمک چای سبز.\r\nبهبود گوارش و سم‌زدایی بدن به دلیل گزنه و چای سبز.\r\nکمک به کاهش التهاب و تقویت انرژی روزانه.	این محصول ترکیبی که از سال 1396 به سبد محصولات نیوشا اضافه شد، یکی از کاربردی‌ترین و پرفروش‌ترین محصولات نیوشا محسوب می‌شود. گزنه به کار رفته در این محصول وحشی و طبیعی است که توسط نیوشا در فصل بهار از استان‌های شمالی کشور جمع‌آوری و خشک می‌شود.	مصرف بیش از حد ممکن است باعث بی‌خوابی یا تحریک‌پذیری شود.\r\nافراد حساس به کافئین یا گیاهان دارویی بهتر است با احتیاط مصرف کنند.\r\nدر دوران بارداری و شیردهی مصرف زیاد توصیه نمی‌شود.\r\nافراد دارای مشکلات کلیوی یا معده حساس قبل از مصرف بهتر است با پزشک مشورت کنند.	۱ قاشق چای‌خوری از ترکیب چای سبز، گزنه و برگ زیتون را در یک لیوان آب با دمای ۸۰–۸۵ درجه بریزید.\r\nاجازه دهید ۳–۵ دقیقه دم بکشد تا طعم و عطر کامل آزاد شود.\r\nمی‌توانید با عسل یا لیمو میل کنید.\r\nبهترین زمان مصرف: صبح یا عصر، روزانه ۲–۳ فنجان توصیه می‌شود.	2026-06-18 13:56:50.16919+00	2026-06-18 13:56:50.169207+00
13	چای سبز و بهار نارنج	green-tea-orange-blossom	products/چای_سبز_و_بهار_نارنج.jpg	2	ترکیب چای سبز و بهار نارنج باعث ایجاد آرامش و کاهش استرس می‌شود.\r\nکمک به بهبود خواب و کاهش اضطراب به دلیل خواص آرام‌بخش بهار نارنج.\r\nتقویت سیستم ایمنی و سلامت قلب به دلیل آنتی‌اکسیدان‌های چای سبز.\r\nافزایش تمرکز و انرژی ملایم بدون ایجاد بی‌قراری شدید.\r\nکمک به هضم بهتر غذا و رفع نفخ معده.	این محصول مخلوطی از شکوفه‌های درختان نارنج و مرکبات مناطق مرکزی ایران و چای سبز است که با نسبتی معین با یکدیگر ترکیب شده‌اند.شکوفه درخت نارنج عطر بسیار تندتری در مقایسه با شکوفه سایر مرکبات دارد و به همین علت در سراسر جهان محبوب است. مثلاً در برزیل، دمنوش بهارنارنج برای سرماخوردگی و به عنوان ضداسپاسم، در ایتالیا به عنوان یک آرامبخش و در اسپانیا برای بهبود هضم غذا استفاده می‌شود.	مصرف زیاد ممکن است باعث بی‌خوابی شود، چون چای سبز کافئین دارد.\r\nافراد با مشکلات فشار خون پایین یا ضعف اعصاب باید در مصرف احتیاط کنند.\r\nدر دوران بارداری و شیردهی مصرف زیاد توصیه نمی‌شود.\r\nدر صورت داشتن مشکلات گوارشی یا معده حساس بهتر است با احتیاط مصرف شود.	۱ قاشق چای‌خوری از ترکیب چای سبز و بهار نارنج را در آب با دمای ۸۰–۸۵ درجه سانتی‌گراد دم کنید.\r\nبه مدت ۳–۵ دقیقه اجازه دهید دم بکشد تا عطر بهار نارنج آزاد شود.\r\nمی‌توانید با کمی عسل یا نبات میل کنید.\r\nبهترین زمان مصرف: عصر یا قبل از خواب، روزانه ۱–۲ فنجان کافی است.	2026-06-18 15:19:48.726226+00	2026-06-18 14:43:01.440646+00
11	چای سبز و آلوورا	green-tea-aloe-vera	products/چای_سبز_و_آلوورا.jpg	2	ترکیبی از آنتی‌اکسیدان‌های چای سبز و خاصیت ضدالتهابی آلوئه‌ورا برای تقویت سیستم ایمنی.\r\nکمک به سلامت پوست و مو و کاهش علائم پیری زودرس.\r\nبهبود هضم غذا و سلامت دستگاه گوارش به دلیل اثر ملایم آلوئه‌ورا.\r\nکمک به کنترل وزن و افزایش متابولیسم بدن.\r\nخاصیت سم‌زدایی و پاکسازی بدن از مواد زائد.	این محصول از سال 1393 و به عنوان یکی از اولین اعضاء گروه محصولات ترکیبی وارد سبد محصولات شده است. این ترکیب از چای سبز و برگ و ژل خشک شده آلوورا تشکیل شده است که در آن از پودر عسل هم برای بهبود طعم و کاهش طعم تلخ ترکیب استفاده می‌شود.	مصرف زیاد ممکن است باعث اسهال یا مشکلات گوارشی به دلیل خاصیت ملین آلوئه‌ورا شود.\r\nافراد حساس به کافئین یا آلوئه‌ورا باید در مصرف احتیاط کنند.\r\nدر دوران بارداری و شیردهی توصیه به مصرف محدود می‌شود.\r\nافراد با مشکلات کلیوی یا معده حساس بهتر است قبل از مصرف با پزشک مشورت کنند.	۱ قاشق چای‌خوری از ترکیب چای سبز و آلوئه‌ورا را در آب با دمای ۸۰–۸۵ درجه سانتی‌گراد دم کنید.\r\nبه مدت ۲–۳ دقیقه اجازه دهید دم بکشد.\r\nمی‌توانید برای طعم بهتر کمی عسل یا لیمو اضافه کنید.\r\nبهترین زمان مصرف: بین وعده‌های غذایی یا عصر، روزانه ۱–۲ فنجان کافی است.	2026-06-18 15:20:51.065071+00	2026-06-18 14:40:49.451735+00
10	چای سبز و لیمو	green-tea-lemon	products/چای_سبز_و_لیمو.jpg	2	سرشار از آنتی‌اکسیدان‌ها برای تقویت سیستم ایمنی و کاهش استرس اکسیداتیو.\r\nکمک به کاهش وزن و افزایش متابولیسم به دلیل ترکیب چای سبز و لیمو.\r\nبهبود سلامت قلب و عروق و کاهش کلسترول بد.\r\nافزایش انرژی و رفع خستگی در طول روز.\r\nکمک به هضم بهتر غذا و سم‌زدایی بدن.	این محصول یکی دیگر از چای‌های ترکیبی میوه‌ای نیوشاست که از سال 1393 در حال تولید است. این محصول کاملاً طبیعی، متشکل از چای سبز برداشت شده از باغ نیوشا در فومن و تکه‌های لیمو ترش خشک شده جهرم است که علاوه بر خواص فراوان، طعم دلنشینی دارد.	مصرف زیاد ممکن است باعث بی‌خوابی یا اضطراب شود.\r\nافراد حساس به کافئین یا اسیدی بودن لیمو بهتر است با احتیاط مصرف کنند.\r\nدر دوران بارداری و شیردهی مصرف زیاد توصیه نمی‌شود.\r\nافراد با مشکلات معده یا رفلاکس اسیدی بهتر است با احتیاط مصرف کنند.	قاشق چای‌خوری از ترکیب چای سبز و لیمو را در آب با دمای ۸۰–۸۵ درجه سانتی‌گراد دم کنید.\r\nبه مدت ۲–۳ دقیقه اجازه دهید دم بکشد.\r\nمی‌توانید برای طعم بهتر کمی عسل اضافه کنید.\r\nبهترین زمان مصرف: بین وعده‌های غذایی یا عصر، روزانه ۲–۳ فنجان.	2026-06-18 15:21:03.354358+00	2026-06-18 14:38:55.074025+00
15	چای سبز و به لیمو	green-tea-lemon-verbena	products/چای_سبز_و_به_لیمو.jpg	2	ترکیب چای سبز و به‌لیمو به کاهش استرس و ایجاد حس آرامش کمک می‌کند.\r\nبهبود کیفیت خواب و کاهش اضطراب به دلیل خواص آرام‌بخش به‌لیمو.\r\nسرشار از آنتی‌اکسیدان‌ها برای تقویت سیستم ایمنی و پیشگیری از بیماری‌ها.\r\nکمک به گوارش بهتر و رفع نفخ معده.\r\nافزایش متابولیسم و انرژی به دلیل چای سبز.	این محصول که از جمله محصولات گروه چای‌های ترکیبی است، از سال 1393 که گیاه به لیمو هنوز خیلی برای مردم آشنا نبود، تولید شد. این محصول ترکیبی از چای سبز باغ فومن و برگ خالص به لیموی کشت شده در مناطق مرکزی و جنوبی ایران است.گیاه به لیمو دارای خاصیت آرام‌بخشی است که بخاطر عطری قوی و مشابه لیمو در فارسی به لیمو نامگذاری شده است. به لیمو (Lemon Verbena) را نباید با علف لیمو (Lemongrass) اشتباه گرفت.	مصرف بیش از حد ممکن است باعث بی‌خوابی یا تپش قلب به دلیل کافئین چای سبز شود.\r\nافراد با فشار خون پایین یا مشکلات عصبی باید در مصرف به‌لیمو احتیاط کنند.\r\nدر دوران بارداری و شیردهی مصرف زیاد توصیه نمی‌شود.\r\nدر صورت داشتن معده حساس یا رفلاکس بهتر است با احتیاط مصرف شود.	۱ قاشق چای‌خوری از ترکیب چای سبز و به‌لیمو را در آب با دمای ۸۰–۸۵ درجه سانتی‌گراد دم کنید.\r\nبه مدت ۳–۵ دقیقه اجازه دهید دم بکشد تا عطر به‌لیمو آزاد شود.\r\nمی‌توانید با کمی عسل یا نبات میل کنید.\r\nبهترین زمان مصرف: عصر یا قبل از خواب، روزانه ۱–۲ فنجان کافی است.	2026-06-18 15:20:11.089825+00	2026-06-18 14:45:36.567797+00
17	چای سبز و زوفا	green-tea-hyssop	products/چای_سبز_و_زوفا.jpg	2	ترکیب چای سبز و زوفا به تقویت سیستم ایمنی بدن و افزایش مقاومت در برابر بیماری‌ها کمک می‌کند.\r\nزوفا به بهبود عملکرد دستگاه تنفسی و کاهش علائم سرماخوردگی و سرفه کمک می‌کند.\r\nسرشار از آنتی‌اکسیدان‌ها برای محافظت از سلول‌های بدن در برابر رادیکال‌های آزاد.\r\nکمک به هضم بهتر غذا و کاهش نفخ و ناراحتی‌های گوارشی.\r\nایجاد حس آرامش و شادابی و کمک به کاهش خستگی روزانه.	این محصول ترکیبی که از سال 1397 در فروشگاه سایت عرضه شده است، در ابتدا بخاطر ناشناختگی گیاه زوفا برای مردم چندان مورد توجه و پرمصرف نبود، اما پس از شیوع ویروس کرونا فروش این محصول با رشد چشمگیری مواجه شد و به تدریج جایگاه آن به عنوان یکی از 20 محصول پرفروش نیوشا تثبیت شد.	مصرف بیش از حد ممکن است باعث بی‌خوابی یا تحریک‌پذیری در افراد حساس به کافئین شود.\r\nزنان باردار و شیرده بهتر است قبل از مصرف با پزشک یا متخصص مشورت کنند.\r\nافراد دارای بیماری‌های عصبی یا تشنج باید در مصرف زوفا احتیاط کنند.\r\nدر صورت مصرف داروهای خاص یا ابتلا به بیماری‌های مزمن، پیش از مصرف با پزشک مشورت شود.\r\nاز مصرف بیش از اندازه و طولانی‌مدت بدون نظر متخصص خودداری شود.	۱ قاشق چای‌خوری از ترکیب چای سبز و زوفا را در یک لیوان آب با دمای ۸۰ تا ۸۵ درجه سانتی‌گراد بریزید.\r\nاجازه دهید ۳ تا ۵ دقیقه دم بکشد.\r\nمی‌توانید برای طعم بهتر کمی عسل به آن اضافه کنید.\r\nبهترین زمان مصرف: صبح، عصر یا هنگام احساس خستگی.\r\nروزانه ۱ تا ۲ فنجان مصرف شود.	2026-06-18 15:20:39.506622+00	2026-06-18 14:52:35.937288+00
12	چای سبز و نعنا فلفلی	green-tea-peppermint	products/چای_سبز_و_نعنا_فلفلی.jpg	2	ترکیب آنتی‌اکسیدان‌های چای سبز و خواص آرام‌بخش نعنا فلفلی برای کاهش استرس و تقویت سیستم ایمنی.\r\nکمک به بهبود هضم غذا و کاهش نفخ و دل‌درد.\r\nافزایش انرژی و تمرکز همراه با حس خنکی و طراوت.\r\nتسکین سردردهای عصبی و میگرن به دلیل اثر آرام‌بخش نعنا.\r\nکمک به سلامت تنفس و باز شدن مجاری هوایی.	این محصول جزء اولین ترکیبات چای سبز و گیاهان دارویی بود که در سال 1393 توسط نیوشا وارد بازار شد و در مدت زمان کوتاهی به یکی از محبوب‌ترین محصولات شرکت تبدیل شد. ترکیب و فرموله‌بندی گیاهان و ادویه‌ها با چای‌ سبز از نوآوری‌های شرکت نیوشا در ابتدای دهه 90 بود که با استقبال بخش وسیعی از جامعه مواجه شد.	مصرف بیش از حد ممکن است باعث بی‌خوابی یا تپش قلب به دلیل کافئین چای سبز شود.\r\nافراد حساس به نعنا فلفلی ممکن است دچار سوزش معده یا رفلاکس شوند.\r\nدر دوران بارداری و شیردهی باید با احتیاط مصرف شود.\r\nدر صورت داشتن مشکلات معده یا زخم گوارشی بهتر است میزان مصرف محدود باشد.	۱ قاشق چای‌خوری از ترکیب چای سبز و نعنا فلفلی را در آب با دمای ۸۰–۸۵ درجه سانتی‌گراد دم کنید.\r\nبه مدت ۲–۳ دقیقه اجازه دهید دم بکشد.\r\nمی‌توانید بدون افزودنی یا همراه با کمی عسل میل کنید.\r\nبهترین زمان مصرف: بعد از وعده‌های غذایی یا عصر، روزانه ۲–۳ فنجان.	2026-06-18 15:19:36.291453+00	2026-06-18 14:41:48.405762+00
14	چای سبز و رزماری و گل محمدی	green-tea-rosemary-rose	products/چای_سبز_و_رزماری_و_گل_محمدی.jpg	2	ترکیبی سرشار از آنتی‌اکسیدان‌ها که به تقویت سیستم ایمنی و کاهش استرس اکسیداتیو کمک می‌کند.\r\nرزماری باعث افزایش تمرکز، بهبود حافظه و تقویت گردش خون می‌شود.\r\nگل محمدی خاصیت آرام‌بخش دارد و به کاهش اضطراب و بهبود خلق‌وخو کمک می‌کند.\r\nبهبود گوارش و هضم غذا به دلیل ترکیب گیاهان معطر.\r\nکمک به سلامت پوست و کاهش التهاب‌های بدن.	این محصول یکی از محبوب‌ترین محصولات شرکت است که از سال 1394 تاکنون در حال تولید است. ترکیبی فوق‌العاده از چای سبز باغ فومن و گل محمدی و رزماری مناطق مرکزی و جنوبی کشور است که علاوه بر داشتن خواص مفید از نظر عطر و طعم هم یک نوشیدنی دلنشین و به یادماندنی شناخته می‌شود.گل محمدی گیاه ملی و سنتی ایرانیان است و پس از زعفران، دومین گیاه از نظر وسعت سطح کشت در کشور محسوب می‌شود. رزماری یا اکلیل کوهی هم گیاهی بوته‌ای و معطر است که در صنایع غذایی و دارویی بسیار کاربرد دارد.	مصرف زیاد ممکن است باعث بی‌خوابی یا تپش قلب به دلیل کافئین چای سبز شود.\r\nافراد حساس به گیاهان معطر (مثل رزماری یا گل محمدی) باید با احتیاط مصرف کنند.\r\nدر دوران بارداری و شیردهی مصرف زیاد توصیه نمی‌شود.\r\nافراد با مشکلات گوارشی یا فشار خون بالا بهتر است قبل از مصرف با پزشک مشورت کنند.	۱ قاشق چای‌خوری از ترکیب چای سبز، رزماری و گل محمدی را در آب با دمای ۸۰–۸۵ درجه سانتی‌گراد دم کنید.\r\nبه مدت ۳–۵ دقیقه اجازه دهید دم بکشد.\r\nمی‌توانید برای طعم بهتر کمی عسل اضافه کنید.\r\nبهترین زمان مصرف: صبح یا عصر، روزانه ۲–۳ فنجان توصیه می‌شود.	2026-06-18 15:19:58.593437+00	2026-06-18 14:44:08.780911+00
16	چای سبز و جنسینگ	green-tea-ginseng	products/چای_سبز_و_جنسینگ.jpg	2	ترکیب چای سبز و جینسینگ به افزایش انرژی و کاهش خستگی جسمی و ذهنی کمک می‌کند.\r\nجینسینگ به تقویت حافظه، تمرکز و عملکرد ذهنی کمک می‌کند.\r\nسرشار از آنتی‌اکسیدان‌ها برای تقویت سیستم ایمنی و محافظت از سلول‌های بدن.\r\nکمک به افزایش متابولیسم و کنترل وزن در کنار رژیم غذایی مناسب.\r\nکمک به بهبود استقامت بدن و افزایش توان روزانه.	این محصول که از سال 1393 در سبد محصولات قرار گرفته است، ترکیبی از چای سبز ایرانی و ریشه گیاه جنسینگ است که پودر عسل هم به آن افزوده شده است تا طعم تلخ ریشه جنسینگ متعادل شود.	به دلیل وجود کافئین و جینسینگ، مصرف زیاد ممکن است باعث بی‌خوابی، بی‌قراری یا تپش قلب شود.\r\nافراد مبتلا به فشار خون بالا یا بیماری‌های قلبی بهتر است با احتیاط مصرف کنند.\r\nدر دوران بارداری و شیردهی مصرف آن باید با نظر پزشک یا متخصص انجام شود.\r\nدر صورت مصرف داروهای رقیق‌کننده خون، دیابت یا فشار خون بهتر است قبل از مصرف با پزشک مشورت شود.\r\nاز مصرف این دمنوش در ساعات پایانی شب خودداری شود.	۱ قاشق چای‌خوری از ترکیب چای سبز و جینسینگ را در یک لیوان آب با دمای ۸۰ تا ۸۵ درجه سانتی‌گراد بریزید.\r\nاجازه دهید ۳ تا ۵ دقیقه دم بکشد.\r\nمی‌توانید برای طعم بهتر کمی عسل به آن اضافه کنید.\r\nبهترین زمان مصرف: صبح یا اوایل روز.\r\nروزانه ۱ تا ۲ فنجان مصرف شود.	2026-06-18 15:20:25.291818+00	2026-06-18 14:51:21.646482+00
8	چای سبز و سیب ترش	green-tea-sour-apple	products/چای_سبز_و_سیب_ترش.jpg	2	ترکیبی از آنتی‌اکسیدان‌های چای سبز و ویتامین C سیب ترش برای تقویت سیستم ایمنی.\r\nکمک به کاهش وزن و افزایش متابولیسم بدن.\r\nبهبود سلامت قلب و عروق و کاهش کلسترول بد.\r\nتقویت گوارش و رفع نفخ به دلیل ترکیب فیبر سیب و خواص چای سبز.\r\nافزایش تمرکز و آرامش ذهنی با کافئین ملایم و ال-تیانین موجود در چای سبز.	این محصول که یکی دیگر از چای‌های ترکیبی میوه‌ای نیوشا محسوب می‌شود، از سال 1393 در حال تولید است و از جمله قدیمی‌ترین محصولات شرکت است. چای سبز به کار رفته در این محصول از باغ چای اختصاصی نیوشا در فومن تهیه شده است.	مصرف بیش از حد ممکن است باعث بی‌خوابی یا تحریک‌پذیری شود.\r\nافراد حساس به کافئین بهتر است میزان مصرف را محدود کنند.\r\nدر دوران بارداری و شیردهی مصرف زیاد توصیه نمی‌شود.\r\nافراد با مشکلات معده یا رفلاکس بهتر است با احتیاط مصرف کنند.	۱ قاشق چای‌خوری از ترکیب چای سبز و سیب ترش را در یک لیوان آب داغ (۸۰–۸۵ درجه) بریزید.\r\nاجازه دهید ۲–۳ دقیقه دم بکشد تا طعم و عطر کامل آزاد شود.\r\nمی‌توانید با عسل یا لیمو میل کنید.\r\nبهترین زمان مصرف: بین وعده‌های غذایی یا عصر، روزانه ۲–۳ فنجان توصیه می‌شود.	2026-06-18 15:21:19.765903+00	2026-06-18 13:55:27.352641+00
19	چای سیاه و پرتقال	black-tea-orange	products/چای_سیاه_و_پرتغال.jpg	3	ترکیب چای سیاه و پرتقال سرشار از آنتی‌اکسیدان‌ها بوده و به تقویت سیستم ایمنی بدن کمک می‌کند.\r\nعطر و طعم پرتقال به کاهش استرس و افزایش نشاط روزانه کمک می‌کند.\r\nکمک به سلامت قلب و عروق و بهبود گردش خون.\r\nافزایش انرژی و تمرکز ذهنی به دلیل کافئین طبیعی موجود در چای سیاه.\r\nکمک به هضم بهتر غذا و کاهش احساس سنگینی پس از وعده‌های غذایی.\r\nحاوی ترکیبات مفید پرتقال که به حفظ سلامت پوست و شادابی بدن کمک می‌کنند.	این محصول که از سال 1394 وارد چرخه تولید شده است ترکیبی از چای سیاه خارجی و تکه‌های خشک شده پرتقال خونی و پرتقال تامسون است که در فصل زمستان از نقاط مختلف استان مازندران تامین می‌شوند.	مصرف بیش از حد ممکن است باعث بی‌خوابی، اضطراب یا تپش قلب شود.\r\nافراد حساس به کافئین باید در مصرف آن احتیاط کنند.\r\nافراد مبتلا به رفلاکس معده یا حساسیت به مرکبات بهتر است با احتیاط مصرف کنند.\r\nدر دوران بارداری و شیردهی مصرف زیاد توصیه نمی‌شود.\r\nاز مصرف این نوشیدنی در ساعات پایانی شب خودداری شود.	۱ قاشق چای‌خوری از ترکیب چای سیاه و پرتقال را در یک لیوان آب جوش بریزید.\r\nاجازه دهید ۳ تا ۵ دقیقه دم بکشد.\r\nمی‌توانید برای طعم بهتر کمی عسل یا نبات به آن اضافه کنید.\r\nبهترین زمان مصرف: صبح یا عصر.\r\nروزانه ۲ تا ۳ فنجان مصرف شود.	2026-06-22 13:57:33.256192+00	2026-06-21 14:35:37.498076+00
21	چای سیاه و بادرنجبویه	black-tea-lemon-balm	products/چای_سیله_و_بادر_نجبویه.jpg	3	ترکیب چای سیاه و بادرنجبویه به کاهش استرس، اضطراب و تنش‌های روزانه کمک می‌کند.\r\nبادرنجبویه دارای خواص آرام‌بخش طبیعی بوده و به بهبود کیفیت خواب کمک می‌کند.\r\nکمک به تقویت سیستم ایمنی بدن به دلیل وجود آنتی‌اکسیدان‌های طبیعی.\r\nافزایش تمرکز و هوشیاری ذهنی همراه با ایجاد حس آرامش.\r\nکمک به بهبود عملکرد دستگاه گوارش و کاهش نفخ و ناراحتی‌های معده.\r\nایجاد حس نشاط و بهبود خلق‌وخو در طول روز.	این محصول که از سال 1393 در حال تولید است، ترکیبی متشکل از چای سیاه هندی با برگ و سرشاخه‌های گلدار گیاه بادرنجبویه است. بادرنجبویه (ملیس) گیاهی بسیار معطر از خانواده نعناع است و این محصول علاوه بر داشتن خواص مفید، در زمره دمنوش‌های خوش‌طعم شناخته می‌شود. زنبورهای عسل بادرنجبویه را خیلی دوست دارند و به همین علت، یونانیان آن را ملیس به معنی زنبورعسل نامیده‌اند. به‌طور سنتی از این گیاه برای بهبود خلق‌و‌خو و ادراک استفاده می‌شده است و ابن‌سینا نخستین پزشک در جهان بود که خواص ممتاز بادرنجبویه، به عنوان یک گیاه دارویی نشاط‌آور مقوّى مغز و اعصاب، را کشف کرد.	مصرف بیش از حد ممکن است باعث بی‌خوابی یا تپش قلب در افراد حساس به کافئین شود.\r\nافراد دارای فشار خون پایین بهتر است در مصرف بادرنجبویه احتیاط کنند.\r\nدر دوران بارداری و شیردهی بهتر است با نظر متخصص مصرف شود.\r\nدر صورت مصرف داروهای آرام‌بخش یا داروهای تیروئید، قبل از مصرف با پزشک مشورت شود.\r\nاز مصرف بیش از اندازه و مداوم بدون نظر متخصص خودداری شود.	۱ قاشق چای‌خوری از ترکیب چای سیاه و بادرنجبویه را در یک لیوان آب جوش بریزید.\r\nاجازه دهید ۴ تا ۵ دقیقه دم بکشد.\r\nمی‌توانید برای طعم بهتر کمی عسل یا نبات به آن اضافه کنید.\r\nبهترین زمان مصرف: عصر یا بعد از وعده‌های غذایی.\r\nروزانه ۱ تا ۲ فنجان مصرف شود.	2026-06-22 13:58:14.990009+00	2026-06-22 10:17:31.967847+00
23	چای سیاه و نعناع	black-tea-mint	products/چای_سیاه_و_نعناع.jpg	3	ترکیب چای سیاه و نعناع به بهبود عملکرد دستگاه گوارش و کاهش نفخ کمک می‌کند.\r\nنعناع دارای خواص آرام‌بخش و خنک‌کننده بوده و به رفع خستگی روزانه کمک می‌کند.\r\nافزایش تمرکز و هوشیاری ذهنی به دلیل کافئین طبیعی موجود در چای سیاه.\r\nکمک به رفع بوی نامطبوع دهان و ایجاد حس طراوت.\r\nکمک به کاهش اسپاسم‌های گوارشی و احساس سنگینی معده.\r\nسرشار از آنتی‌اکسیدان‌ها و کمک به تقویت سیستم ایمنی بدن.	این محصول که از سال 1392 و به عنوان یکی از چای‌های ترکیبی در حال تولید است، اولین ترکیب نیوشا بود که در آن از گیاهان تیره نعناعیان استفاده شد. گیاه نعناع به‌طور سنتی در مقابله با عارضه‌های گوارشی مثل نفخ و درد معده مورد مصرف بوده است. نعناع از خانواده نعناعیان است. حدود 25 گونه مختلف در این خانواده وجود دارد آویشن، کاکوتی، نعناع فلفلی، مرزنجوش، رزماری، زوفا، اسطوخدوس، مریم گلی، بادرنجبویه هم از تیره نعناعیان هستند. نعناع انواع مختلفی دارد، اما نعناع معمولی و نعناع فلفلی رایج‌ترین انواعی هستند که به عنوان دمنوش استفاده می‌شوند.	مصرف بیش از حد ممکن است باعث بی‌خوابی یا تپش قلب در افراد حساس به کافئین شود.\r\nافراد مبتلا به رفلاکس معده (GERD) باید در مصرف نعناع احتیاط کنند، زیرا ممکن است علائم را تشدید کند.\r\nدر دوران بارداری و شیردهی بهتر است مصرف متعادل و با نظر متخصص باشد.\r\nدر صورت داشتن حساسیت به نعناع یا سایر گیاهان معطر، با احتیاط مصرف شود.\r\nاز مصرف بیش از اندازه در ساعات پایانی شب خودداری شود.	۱ قاشق چای‌خوری از ترکیب چای سیاه و نعناع را در یک لیوان آب جوش بریزید.\r\nاجازه دهید ۳ تا ۵ دقیقه دم بکشد.\r\nمی‌توانید آن را به صورت ساده یا همراه با عسل، نبات یا لیمو میل کنید.\r\nبهترین زمان مصرف: بعد از غذا یا در طول روز.\r\nروزانه ۱ تا ۳ فنجان مصرف شود.	2026-06-22 13:59:06.08155+00	2026-06-22 10:20:29.845568+00
24	چای سیاه و بهارنارنج	black-tea-orange-blossom	products/چای_سیاه_و_بهارنارنج.jpg	3	ترکیب چای سیاه و بهار نارنج به کاهش استرس و ایجاد آرامش ذهنی کمک می‌کند.\r\nبهار نارنج دارای خواص آرام‌بخش طبیعی بوده و در کاهش اضطراب و تنش‌های روزانه مؤثر است.\r\nکمک به بهبود کیفیت خواب و آرامش اعصاب.\r\nافزایش تمرکز و هوشیاری به دلیل کافئین طبیعی موجود در چای سیاه.\r\nکمک به سلامت دستگاه گوارش و کاهش نفخ و ناراحتی‌های معده.\r\nایجاد حس نشاط و شادابی به واسطه عطر دلپذیر بهار نارنج.	این محصول که از سال 1401 در زمره محصولات نیوشا قرار گرفته است، قبلاً در کیسه‌های خورجینی تولید می‌شد، اما جدیداً شکل آن به مثلثی تغییر یافته است. این محصول مخلوطی از شکوفه‌های درختان نارنج و مرکبات مناطق مرکزی ایران و چای سیاه است که با نسبتی معین با یکدیگر ترکیب شده‌اند.شکوفه درخت نارنج عطر بسیار تندتری در مقایسه با شکوفه سایر مرکبات دارد و به همین علت در سراسر جهان محبوب است. مثلاً در برزیل، دمنوش بهارنارنج برای سرماخوردگی و به عنوان ضداسپاسم، در ایتالیا به عنوان یک آرامبخش و در اسپانیا برای بهبود هضم غذا مصرف می‌شود.	مصرف بیش از حد ممکن است باعث بی‌خوابی یا تپش قلب در افراد حساس به کافئین شود.\r\nافراد دارای فشار خون پایین بهتر است در مصرف بهار نارنج احتیاط کنند.\r\nدر دوران بارداری و شیردهی مصرف منظم و زیاد باید با نظر متخصص باشد.\r\nدر صورت مصرف داروهای آرام‌بخش یا اعصاب، بهتر است پیش از مصرف با پزشک مشورت شود.\r\nاز مصرف بیش از اندازه در ساعات پایانی شب خودداری شود.	۱ قاشق چای‌خوری از ترکیب چای سیاه و بهار نارنج را در یک لیوان آب جوش بریزید.\r\nاجازه دهید ۴ تا ۵ دقیقه دم بکشد تا عطر و خواص آن آزاد شود.\r\nمی‌توانید برای طعم بهتر کمی عسل، نبات یا لیمو اضافه کنید.\r\nبهترین زمان مصرف: عصر یا بعد از وعده‌های غذایی.\r\nروزانه ۱ تا ۲ فنجان مصرف شود.	2026-06-22 13:59:18.271817+00	2026-06-22 10:21:47.664268+00
25	چای سیاه و وانیل	black-tea-vanilla	products/چای_سیاه_و_وانیل.jpg	3	ترکیب چای سیاه و وانیل به ایجاد حس آرامش و بهبود خلق‌وخو کمک می‌کند.\r\nعطر طبیعی وانیل می‌تواند در کاهش استرس و تنش‌های روزانه مؤثر باشد.\r\nافزایش تمرکز و هوشیاری ذهنی به دلیل کافئین طبیعی موجود در چای سیاه.\r\nسرشار از آنتی‌اکسیدان‌ها و کمک به محافظت از سلول‌های بدن.\r\nکمک به سلامت قلب و عروق و بهبود گردش خون.\r\nایجاد طعمی دلپذیر و شیرین بدون نیاز به مصرف زیاد شیرین‌کننده‌ها.	این محصول به عنوان یکی از خوش‌طعم‌ترین و محبوب‌ترین چای‌های ترکیبی، از سال 1392 در حال تولید است. با توجه به اینکه وانیل طبیعی در دز پایین طعم زیادی ندارد، در این محصول از اسانس مشابه طبیعی وانیل استفاده شده است که علی‌رغم حجم کم طعم و عطری قوی و مورد پسند به محصول می‌دهد.لوبیا‌های سبز وانیل بعد از چیده شدن عطر و عطم خاصی ندارند و تحت فرایند خاصی عمل‌آوری شده و به ماده‌ای بسیار باارزش و گران تبدیل می‌شوند و به علت همین قیمت بالا در صنایع غذایی و قنادی‌ها معمولاً از وانیلین یا وانیل شیمیایی استفاده می‌شود.	مصرف بیش از حد ممکن است باعث بی‌خوابی، اضطراب یا تپش قلب شود.\r\nافراد حساس به کافئین باید در مصرف آن احتیاط کنند.\r\nدر صورت وجود حساسیت به وانیل یا فرآورده‌های آن از مصرف خودداری شود.\r\nزنان باردار و شیرده بهتر است مصرف متعادل داشته باشند.\r\nاز مصرف زیاد در ساعات پایانی شب خودداری شود.	۱ قاشق چای‌خوری از ترکیب چای سیاه و وانیل را در یک لیوان آب جوش بریزید.\r\nاجازه دهید ۳ تا ۵ دقیقه دم بکشد.\r\nمی‌توانید آن را به صورت ساده یا همراه با عسل، نبات یا شیر میل کنید.\r\nبهترین زمان مصرف: صبح، عصر یا همراه با میان‌وعده.\r\nروزانه ۱ تا ۳ فنجان مصرف شود.	2026-06-22 13:59:52.026304+00	2026-06-22 10:23:14.806274+00
30	چای سیاه و هلو	black-tea-peach	products/چای_سیاه_و_هلو.jpg	3	ترکیب چای سیاه و هلو سرشار از آنتی‌اکسیدان‌ها بوده و به تقویت سیستم ایمنی بدن کمک می‌کند.\r\nهلو حاوی ویتامین‌ها و مواد معدنی مفیدی است که به سلامت پوست و شادابی بدن کمک می‌کنند.\r\nافزایش انرژی و تمرکز ذهنی به دلیل کافئین طبیعی موجود در چای سیاه.\r\nکمک به سلامت قلب و عروق و بهبود گردش خون.\r\nکمک به هضم بهتر غذا و کاهش احساس سنگینی پس از وعده‌های غذایی.\r\nایجاد طعمی ملایم، شیرین و میوه‌ای که نوشیدن چای را لذت‌بخش‌تر می‌کند.	این محصول که به عنوان یکی از چای‌های سیاه ترکیبی از سال 1402 به محصولات نیوشا اضافه شده است، ترکیبی از چای سیاه و تکه‌های میوه و همچنین طعم‌دهنده میوه هلو است. چای هلو به علت طعم گرم و خاص خود، به عنوان یکی از محبوب‌ترین چای‌های میوه‌ای در دنیا شناخته می‌شود.هلو به دلیل عطر و طعم دلنشین خود برای ترکیب با چای مناسب است و ترکیب این دو، در جهان هم محبوب است. این ترکیب بعد از سرد شدن هم می‌تواند به صورت خنک و به عنوان آیس‌تی (یخ‌چای) مصرف شود. رومیان باستان منشاء هلو را ایران می‌دانستند و آن را «سیب ایرانی» می‌نامیدند. امروز، ایران پنجمین تولید‌کننده هلو در دنیا شناخته می‌شود و چین رتبه اول را در اختیار دارد.	مصرف بیش از حد ممکن است باعث بی‌خوابی، اضطراب یا تپش قلب در افراد حساس به کافئین شود.\r\nافراد دارای حساسیت به هلو یا میوه‌های هسته‌دار باید با احتیاط مصرف کنند.\r\nدر دوران بارداری و شیردهی مصرف متعادل توصیه می‌شود.\r\nافراد مبتلا به مشکلات گوارشی یا رفلاکس معده بهتر است مصرف را متناسب با شرایط خود تنظیم کنند.\r\nاز مصرف بیش از اندازه در ساعات پایانی شب خودداری شود.	۱ قاشق چای‌خوری از ترکیب چای سیاه و هلو را در یک لیوان آب جوش بریزید.\r\nاجازه دهید ۳ تا ۵ دقیقه دم بکشد.\r\nمی‌توانید آن را به صورت ساده یا همراه با عسل میل کنید.\r\nبهترین زمان مصرف: صبح، عصر یا همراه با میان‌وعده.\r\nروزانه ۱ تا ۳ فنجان مصرف شود.	2026-06-22 14:00:40.837304+00	2026-06-22 13:52:38.10207+00
32	چای ماسالا	masala-tea	products/چای_ماسالا.jpg	3	چای ماسالا به دلیل ترکیب ادویه‌هایی مانند زنجبیل، دارچین، هل و میخک به تقویت سیستم ایمنی بدن کمک می‌کند.\r\nدارای خواص ضدالتهابی و آنتی‌اکسیدانی بوده و به حفظ سلامت عمومی بدن کمک می‌کند.\r\nکمک به بهبود هضم غذا و کاهش نفخ و ناراحتی‌های گوارشی.\r\nافزایش انرژی، تمرکز و نشاط روزانه.\r\nکمک به گرم شدن بدن و مناسب برای فصول سرد سال.\r\nدارای عطر و طعمی دلپذیر و ادویه‌ای که احساس آرامش و سرزندگی ایجاد می‌کند.	این محصول ترکیبی اضافه شده به سبد محصولات شرکت در سال 1395، طعمی بی‌نظیر و خواص فراوانی دارد. در این ترکیب، چای سیاه و 4 ادویه هل، دارچین، میخک و زنجبیل براساس فرمولاسیونی انحصاری با یکدیگر ترکیب شده‌اند که هم بصورت خالص و هم همراه با شیر قابل مصرف است.چای ماسالا، چای سنتی و محبوب‌ترین نوشیدنی مردم هند است که در سال‌های اخیر مصرف آن در سراسر جهان رایج شده است. در فرهنگ مردم جنوب شرق آسیا ترکیب چای سیاه با ادویه‌های مختلف که همگی فواید سلامتی خود را دارند به تقویت سیستم ایمنی بدن کمک می‌کند.	مصرف بیش از حد ممکن است باعث بی‌خوابی یا تپش قلب در افراد حساس به کافئین شود.\r\nافراد دارای زخم معده، رفلاکس یا معده حساس بهتر است با احتیاط مصرف کنند.\r\nدر دوران بارداری و شیردهی مصرف منظم و زیاد باید با نظر پزشک یا متخصص باشد.\r\nافراد دارای حساسیت به ادویه‌هایی مانند دارچین، زنجبیل یا میخک باید در مصرف احتیاط کنند.\r\nدر صورت مصرف داروهای رقیق‌کننده خون، بهتر است پیش از مصرف منظم با پزشک مشورت شود.	۱ قاشق چای‌خوری چای ماسالا را در یک لیوان آب جوش یا مخلوط آب و شیر بریزید.\r\nاجازه دهید ۵ تا ۷ دقیقه روی حرارت ملایم دم بکشد.\r\nدر صورت تمایل می‌توانید کمی عسل، نبات یا شیرین‌کننده طبیعی اضافه کنید.\r\nبه صورت گرم میل شود.\r\nروزانه ۱ تا ۲ فنجان مصرف شود.	2026-06-22 14:01:06.602035+00	2026-06-22 13:55:21.304785+00
18	چای سیاه ارل گری	earl-grey	products/0a2d6ddf-1500-45f6-898c-2ea01ca393cf.jpg	3	چای سیاه ارل گری حاوی آنتی‌اکسیدان‌های طبیعی است که به تقویت سیستم ایمنی بدن کمک می‌کنند.\r\nوجود برگاموت در این چای به ایجاد آرامش، کاهش استرس و بهبود خلق‌وخو کمک می‌کند.\r\nافزایش تمرکز و هوشیاری ذهنی به دلیل کافئین طبیعی موجود در چای سیاه.\r\nکمک به سلامت قلب و عروق و بهبود گردش خون.\r\nکمک به هضم بهتر غذا و کاهش احساس سنگینی پس از وعده‌های غذایی.	این محصول که حاوی 20 عدد چای کیسه‌ای است از سال 1392 در حال تولید است. چای ارل گری که در میان مصرف‌کنندگان به چای تی‌بگ عطری مشهور است، متشکل از چای سیاه خارجی از نوع CTC و اسانس مشابه طبیعی میوه ترنج است که برخلاف اکثر نمونه‌های مشابه از عطری ملایم برخوردار است.	مصرف بیش از حد ممکن است باعث بی‌خوابی، اضطراب یا تپش قلب شود.\r\nافراد حساس به کافئین باید در مصرف آن احتیاط کنند.\r\nدر دوران بارداری و شیردهی مصرف زیاد توصیه نمی‌شود.\r\nافراد مبتلا به رفلاکس معده یا زخم گوارشی بهتر است با احتیاط مصرف کنند.\r\nاز مصرف بیش از حد در ساعات پایانی شب خودداری شود.	۱ قاشق چای‌خوری چای سیاه ارل گری را در یک لیوان آب جوش بریزید.\r\nاجازه دهید ۳ تا ۵ دقیقه دم بکشد.\r\nمی‌توانید آن را به صورت ساده یا همراه با عسل، نبات یا لیمو میل کنید.\r\nبهترین زمان مصرف: صبح یا عصر.\r\nروزانه ۲ تا ۳ فنجان مصرف شود.	2026-06-22 13:57:21.833696+00	2026-06-21 14:33:07.56094+00
20	چای سیاه و آلبالو	black-tea-cherry	products/چای_سیاه_و_آلبالو.jpg	3	ترکیب چای سیاه و آلبالو سرشار از آنتی‌اکسیدان‌ها بوده و به تقویت سیستم ایمنی بدن کمک می‌کند.\r\nآلبالو دارای ترکیبات مفیدی است که به کاهش التهاب و خستگی بدن کمک می‌کند.\r\nکمک به سلامت قلب و عروق و بهبود گردش خون.\r\nافزایش انرژی و تمرکز ذهنی به دلیل کافئین طبیعی چای سیاه.\r\nکمک به هضم بهتر غذا و بهبود عملکرد دستگاه گوارش.\r\nایجاد طعمی دلپذیر و کمک به افزایش نشاط و شادابی روزانه.	این محصول به عنوان یک چای ترکیبی میوه‌ای از سال 1395 در زمره محصولات شرکت قرار گرفته است. در این محصول چای سیاه هندی با تکه‌های رنده شده میوه آلبالو مخلوط شده‌اند. با توجه به اینکه میوه آلبالو در دز کم طعم زیادی ندارد، برای بهبود طعم محصول از اسانس طبیعی آلبالو هم استفاده شده است.ممکن است تصور شود که فقط آلبالو تازه ارزش تغذیه‌ای دارد اما این تصور نادرست است و آلبالوی خشک شده هم ارزش تغذیه‌ای و خاصیت آنتی اکسیدانی خود را حفظ می‌کند. میزان قند آلبالو هم کم است و به همین دلایل از آن در محصولات مختلف مانند آبمیوه، سس میوه‌ای، میان وعده‌ها و دمنوش استفاده می‌شود.	مصرف بیش از حد ممکن است باعث بی‌خوابی، اضطراب یا تپش قلب شود.\r\nافراد حساس به کافئین باید در مصرف آن احتیاط کنند.\r\nافراد دارای حساسیت به آلبالو یا سایر میوه‌های هسته‌دار بهتر است با احتیاط مصرف کنند.\r\nدر دوران بارداری و شیردهی مصرف زیاد توصیه نمی‌شود.\r\nاز مصرف این نوشیدنی در ساعات پایانی شب خودداری شود.	۱ قاشق چای‌خوری از ترکیب چای سیاه و آلبالو را در یک لیوان آب جوش بریزید.\r\nاجازه دهید ۳ تا ۵ دقیقه دم بکشد.\r\nمی‌توانید آن را به صورت ساده یا همراه با عسل میل کنید.\r\nبهترین زمان مصرف: صبح یا عصر.\r\nروزانه ۲ تا ۳ فنجان مصرف شود.	2026-06-22 13:57:50.625303+00	2026-06-21 14:37:43.327806+00
22	چای سیاه و زنجبیل	black-tea-ginger	products/چای_سیاه_و_زنجبیل.jpg	3	ترکیب چای سیاه و زنجبیل به تقویت سیستم ایمنی بدن و افزایش مقاومت در برابر سرماخوردگی کمک می‌کند.\r\nزنجبیل دارای خواص ضدالتهابی بوده و به کاهش دردهای عضلانی و مفصلی کمک می‌کند.\r\nکمک به بهبود هضم غذا و کاهش نفخ، تهوع و ناراحتی‌های گوارشی.\r\nافزایش انرژی، تمرکز و هوشیاری ذهنی به دلیل وجود کافئین طبیعی در چای سیاه.\r\nکمک به بهبود گردش خون و ایجاد حس گرما در بدن.\r\nمناسب برای روزهای سرد سال و کمک به رفع احساس خستگی.	این محصول جزء محصولات محبوب گروه چای‌های ترکیبی محسوب می‌شود و از سال 1392 در حال تولید است. در این محصول از چای سیاه خارجی و ساقه زیرزمینی (ریزوم) گیاه زنجبیل وارداتی از کشور چین استفاده شده است.زنجیل گیاه بومی جنوب شرق آسیا است اما در سایر مناطق نیمه‌گرمسیری و گرمسیری مثل نیجریه هم کشت می‌شود. زنجبیل چینی رنگی روشن‌تر از زنجبیل افریقایی دارد و طعم تند آن هم ملایم‌تر است و بیشتر مناسب دمنوش است.	مصرف بیش از حد ممکن است باعث بی‌خوابی، تپش قلب یا تحریک‌پذیری شود.\r\nافراد مبتلا به زخم معده، رفلاکس شدید یا حساسیت به زنجبیل باید با احتیاط مصرف کنند.\r\nدر صورت مصرف داروهای رقیق‌کننده خون بهتر است قبل از مصرف با پزشک مشورت شود.\r\nزنان باردار و شیرده بهتر است پیش از مصرف منظم با پزشک یا متخصص مشورت کنند.\r\nاز مصرف بیش از اندازه در ساعات پایانی شب خودداری شود.	۱ قاشق چای‌خوری از ترکیب چای سیاه و زنجبیل را در یک لیوان آب جوش بریزید.\r\nاجازه دهید ۳ تا ۵ دقیقه دم بکشد.\r\nمی‌توانید برای طعم بهتر کمی عسل یا لیمو به آن اضافه کنید.\r\nبهترین زمان مصرف: صبح یا بعد از وعده‌های غذایی.\r\nروزانه ۱ تا ۳ فنجان مصرف شود.	2026-06-22 13:58:26.700458+00	2026-06-22 10:19:08.943608+00
26	چای سیاه و دارچین	black-tea-cinnamon	products/چای_سیاه_و_دارچین.jpg	3	ترکیب چای سیاه و دارچین به افزایش انرژی و رفع خستگی روزانه کمک می‌کند.\r\nدارچین دارای خواص آنتی‌اکسیدانی و ضدالتهابی بوده و به تقویت سیستم ایمنی بدن کمک می‌کند.\r\nکمک به تنظیم قند خون و بهبود عملکرد متابولیسم بدن.\r\nبهبود گردش خون و ایجاد حس گرما، به‌ویژه در فصول سرد سال.\r\nکمک به هضم بهتر غذا و کاهش نفخ و ناراحتی‌های گوارشی.\r\nایجاد عطری دلپذیر و طعمی گرم و مطبوع.	این محصول از سال 1392 به جمع محصولات شرکت پیوسته است و در گروه چای‌های ترکیبی قرار گرفته است. دراین محصول از پوسته‌های خرد شده درخت دارچین ویتنام استفاده می‌شود که پس از فراوری و تبدیل به سایز مناسب برای تی‌بگ با چای سیاه خارجی ترکیب شده‌اند.دارچین، ادویه‌ای با طبع گرم، در واقع پوست درخت دارچین است که انواع و اشکال مختلفی دارد و از گذشته تا بحال از محبوب‌ترین و رایج‌ترین طعم‌ها در صنایع غذایی و نوشیدنی بوده است و علاوه بر طعم خوب، خواص فراوانی هم دارد. این درخت در ایران قابلیت کشت ندارد و ویتنام و سریلانکا کشورهای اصلی تولید کننده آن هستند.	مصرف بیش از حد ممکن است باعث بی‌خوابی یا تپش قلب در افراد حساس به کافئین شود.\r\nافراد مبتلا به بیماری‌های کبدی یا مصرف‌کنندگان داروهای خاص باید در مصرف زیاد دارچین احتیاط کنند.\r\nدر دوران بارداری و شیردهی مصرف متعادل توصیه می‌شود.\r\nافراد دارای حساسیت به دارچین از مصرف آن خودداری کنند.\r\nدر صورت مصرف داروهای دیابت یا رقیق‌کننده خون بهتر است پیش از مصرف منظم با پزشک مشورت شود.	۱ قاشق چای‌خوری از ترکیب چای سیاه و دارچین را در یک لیوان آب جوش بریزید.\r\nاجازه دهید ۴ تا ۵ دقیقه دم بکشد.\r\nمی‌توانید برای طعم بهتر کمی عسل یا نبات به آن اضافه کنید.\r\nبهترین زمان مصرف: صبح، عصر یا بعد از وعده‌های غذایی.\r\nروزانه ۱ تا ۳ فنجان مصرف شود.	2026-06-22 14:00:03.577279+00	2026-06-22 10:29:17.099133+00
29	چای سیاه و توت فرنگی	black-tea-strawberry	products/چای_سیاه_و_توت_فرنگی.jpg	3	ترکیب چای سیاه و توت‌فرنگی سرشار از آنتی‌اکسیدان‌ها بوده و به تقویت سیستم ایمنی بدن کمک می‌کند.\r\nتوت‌فرنگی منبع خوبی از ویتامین C است و به حفظ سلامت پوست و افزایش شادابی بدن کمک می‌کند.\r\nکمک به سلامت قلب و عروق و بهبود گردش خون.\r\nافزایش انرژی، تمرکز و هوشیاری ذهنی به دلیل کافئین طبیعی موجود در چای سیاه.\r\nکمک به کاهش استرس اکسیداتیو و محافظت از سلول‌های بدن.\r\nایجاد طعمی دلپذیر، شیرین و میوه‌ای که نوشیدن چای را لذت‌بخش‌تر می‌کند.	این محصول که از سال 1395 به گروه محصولات اضافه شده است از جمله چای‌های میوه‌ای محبوب نیوشا است که در ترکیب آن از چای سیاه هندی و تکه‌های خرد شده توت فرنگی استفاده شده است و برای بهبود طعم از اسانس توت فرنگی هم در این ترکیب استفاده شده است. توت فرنگی، میوه‌اي نسبتاً جدید است که تا 250-300 سال قبل به این شکل امروزی وجود نداشت و از نظر گیاه‌شناسی به دو نوع دانه ریز و دانه درشت تقسیم می‌شود. نوع دانه ریز، معطر و برای دمنوش مناسب است. ایالات متحده بزرگترین تولید‌کننده توت فرنگی در دنیا است.	مصرف بیش از حد ممکن است باعث بی‌خوابی، اضطراب یا تپش قلب در افراد حساس به کافئین شود.\r\nافراد دارای حساسیت به توت‌فرنگی باید از مصرف آن خودداری کنند.\r\nدر دوران بارداری و شیردهی مصرف متعادل توصیه می‌شود.\r\nافراد مبتلا به مشکلات گوارشی یا رفلاکس معده بهتر است با احتیاط مصرف کنند.\r\nاز مصرف بیش از اندازه در ساعات پایانی شب خودداری شود.	۱ قاشق چای‌خوری از ترکیب چای سیاه و توت‌فرنگی را در یک لیوان آب جوش بریزید.\r\nاجازه دهید ۳ تا ۵ دقیقه دم بکشد.\r\nمی‌توانید آن را به صورت ساده یا همراه با عسل میل کنید.\r\nبهترین زمان مصرف: صبح، عصر یا همراه با میان‌وعده.\r\nروزانه ۱ تا ۳ فنجان مصرف شود.	2026-06-22 14:00:31.018123+00	2026-06-22 10:57:12.254639+00
31	چای سیاه و هل	black-tea-cardamom	products/چای_سیاه_و_هل.jpg	3	ترکیب چای سیاه و هل به بهبود هضم غذا و کاهش نفخ و ناراحتی‌های گوارشی کمک می‌کند.\r\nهل دارای خواص آنتی‌اکسیدانی و ضدالتهابی بوده و به تقویت سیستم ایمنی بدن کمک می‌کند.\r\nافزایش انرژی، تمرکز و هوشیاری ذهنی به دلیل کافئین طبیعی موجود در چای سیاه.\r\nکمک به خوشبو شدن دهان و ایجاد حس طراوت.\r\nکمک به سلامت قلب و گردش خون و افزایش نشاط روزانه.\r\nدارای عطر و طعمی دلپذیر و سنتی که تجربه نوشیدن چای را لذت‌بخش‌تر می‌کند.	این محصول که از سال 1392 در حال تولید است، ترکیبی از چای سیاه هند و دانه‌های گیاه هل است که در سایز مناسب تی‌بگ خرد شده‌اند. هل از جمله گیاهانی است که هم خواص زیاد و هم طعمی لذت‌بخش دارد و ترکیب آن با چای دلنشین خواهد بود.انواع مختلفی از هل به رنگ سبز، سیاه و سفید وجود دارند که از میان آنها هل سبز دارای عطر تندتری است. هل بخاطر ناسازگاری اقلیم، در ایران قابل کاشت در سطح انبوه نیست و به کشور وارد می‌شود. گواتمالا و هند تولیدگنندگان عمده هل در دنیا هستند.	مصرف بیش از حد ممکن است باعث بی‌خوابی یا تپش قلب در افراد حساس به کافئین شود.\r\nافراد دارای حساسیت به هل یا سایر ادویه‌ها باید با احتیاط مصرف کنند.\r\nدر صورت ابتلا به سنگ صفرا بهتر است پیش از مصرف منظم با پزشک مشورت شود.\r\nزنان باردار و شیرده بهتر است مصرف متعادل داشته باشند.\r\nاز مصرف بیش از اندازه در ساعات پایانی شب خودداری شود.	۱ قاشق چای‌خوری از ترکیب چای سیاه و هل را در یک لیوان آب جوش بریزید.\r\nاجازه دهید ۴ تا ۵ دقیقه دم بکشد.\r\nمی‌توانید آن را همراه با نبات، عسل یا خرما میل کنید.\r\nبهترین زمان مصرف: صبح، عصر یا بعد از وعده‌های غذایی.\r\nروزانه ۱ تا ۳ فنجان مصرف شود.	2026-06-22 14:00:53.676798+00	2026-06-22 13:53:58.343539+00
33	چای سیاه و زعفران	black-tea-saffron	products/چای_سیاه_و_زعفران.jpg	3	ترکیب چای سیاه و زعفران به افزایش نشاط، بهبود خلق‌وخو و کاهش احساس خستگی کمک می‌کند.\r\nزعفران دارای خواص آنتی‌اکسیدانی بوده و به محافظت از سلول‌های بدن در برابر آسیب‌های اکسیداتیو کمک می‌کند.\r\nکمک به تقویت سیستم ایمنی بدن و حفظ سلامت عمومی.\r\nافزایش تمرکز و هوشیاری ذهنی به دلیل کافئین طبیعی چای سیاه.\r\nکمک به بهبود گردش خون و سلامت قلب و عروق.\r\nدارای عطر و طعم دلپذیر و آرامش‌بخش که تجربه نوشیدن چای را لذت‌بخش‌تر می‌کند.	این محصول که به عنوان یکی از چای‌های سیاه ترکیبی از سال 1392 به محصولات نیوشا اضافه شده است، ترکیبی از چای سیاه هندی و زعفران (گیاه ملی ایرانیان) است که برای بهتر و ملموس‌تر کردن عطر و طعم محصول از اسانس مشابه طبیعی زعفران هم در آن استفاده شده است.زعفران یکی از محصولات بسیار گران قیمت در بخش کشاورزی است. ایران با تولید 92 درصد زعفران جهان رتبه نخست تولید این محصول را در اختیار دارد، اما بخاطر خام فروشی و ضعف بسته‌بندی، سهم قابل قبولی از بازار جهانی 8 میلیارد دلاری زعفران ندارد و حجم سالانه صادرات زعفران ایران از 200 میلیون دلار فراتر نمی‌رود.	مصرف بیش از حد ممکن است باعث بی‌خوابی، تپش قلب یا اضطراب در افراد حساس به کافئین شود.\r\nمصرف زیاد زعفران توصیه نمی‌شود و باید در حد متعادل مصرف شود.\r\nزنان باردار بهتر است در مصرف فرآورده‌های حاوی زعفران احتیاط کرده و با نظر متخصص مصرف کنند.\r\nافراد دارای فشار خون پایین بهتر است در مصرف منظم آن احتیاط کنند.\r\nدر صورت مصرف داروهای خاص یا بیماری‌های مزمن، بهتر است پیش از مصرف منظم با پزشک مشورت شود.	۱ قاشق چای‌خوری از ترکیب چای سیاه و زعفران را در یک لیوان آب جوش بریزید.\r\nاجازه دهید ۴ تا ۵ دقیقه دم بکشد.\r\nمی‌توانید برای طعم بهتر کمی نبات، عسل یا هل به آن اضافه کنید.\r\nبهترین زمان مصرف: صبح یا عصر.\r\nروزانه ۱ تا ۳ فنجان مصرف شود.	2026-06-22 14:01:19.298507+00	2026-06-22 13:56:45.024708+00
34	روغن گردو	walnut-oil	products/روغن_گردو.jpg	4	روغن گردو سرشار از اسیدهای چرب مفید و امگا ۳ بوده و به حفظ سلامت قلب و عروق کمک می‌کند.\r\nبه تقویت و تغذیه پوست کمک کرده و در حفظ رطوبت و شادابی آن مؤثر است.\r\nباعث تقویت موها شده و به کاهش خشکی و شکنندگی مو کمک می‌کند.\r\nدارای خواص آنتی‌اکسیدانی بوده و از سلول‌های بدن در برابر آسیب رادیکال‌های آزاد محافظت می‌کند.\r\nکمک به نرم شدن پوست و کاهش خشکی و ترک‌های پوستی.\r\nدر طب سنتی برای ماساژ و مراقبت از پوست و مو مورد استفاده قرار می‌گیرد.	این محصول که از سال 1404 با برند کاژان و به‌عنوان عضوی از گروه روغن‌ها در حال تولید است،یکی از ارزشمندترین روغن‌های گیاهی از نظر ترکیبات تغذیه‌ای است که از مغز گردوی ایرانی تازه و مرغوب به روش پرس سرد استحصال می‌شود و علاوه بر قابلیت مصرف خوراکی در غذاها و سالادها، برای تقویت و ترمیم پوست و مو به صورت موضعی نیز کاربرد دارد.گردوی ایرانی (Juglans regia) ریشه در نواحی خزر و ایران دارد و یکی از کهن‌ترین مغزهای دنیا محسوب می‌شود. این گونه با طعم بی‌نظیر و کیفیت عالی، نتیجه ترکیب ژنتیکی دو گونه منقرض‌شده است و از ایران به سراسر جهان گسترش یافته است.	افراد دارای حساسیت به گردو و سایر مغزها از مصرف آن خودداری کنند.\r\nمصرف بیش از حد خوراکی ممکن است در برخی افراد باعث ناراحتی‌های گوارشی شود.\r\nقبل از استفاده موضعی، مقدار کمی از روغن روی بخش کوچکی از پوست تست شود.\r\nروغن را در جای خنک، خشک و دور از نور مستقیم خورشید نگهداری کنید.\r\nدر صورت بروز علائم حساسیت، مصرف را متوقف کرده و با متخصص مشورت کنید.	برای مصرف خوراکی، روزانه ۱ تا ۲ قاشق چای‌خوری همراه غذا یا سالاد مصرف شود.\r\nبرای مراقبت از پوست، چند قطره روغن را روی پوست تمیز ماساژ دهید تا جذب شود.\r\nبرای تقویت مو، مقدار مناسبی از روغن را روی پوست سر و ساقه مو ماساژ داده و پس از ۱ تا ۲ ساعت شستشو دهید.\r\nمی‌توان به عنوان روغن ماساژ برای نواحی خشک پوست استفاده کرد.\r\nمطابق دستور متخصص طب سنتی مصرف شود.	2026-06-22 14:07:33.478377+00	2026-06-22 14:06:10.442546+00
35	روغن تخم کتان	flaxseed-oil	products/روغن_تخم_کتان.jpg	4	روغن تخم کتان سرشار از اسیدهای چرب امگا ۳ بوده و به حفظ سلامت قلب و عروق کمک می‌کند.\r\nبه کاهش التهاب‌های بدن و حمایت از سلامت مفاصل کمک می‌کند.\r\nدر حفظ رطوبت و شادابی پوست مؤثر بوده و به کاهش خشکی پوست کمک می‌کند.\r\nبه تقویت و تغذیه موها و کاهش شکنندگی و خشکی مو کمک می‌کند.\r\nدارای خواص آنتی‌اکسیدانی بوده و از سلول‌های بدن در برابر آسیب‌های اکسیداتیو محافظت می‌کند.\r\nدر طب سنتی برای کمک به حفظ سلامت عمومی بدن و تغذیه پوست و مو مورد استفاده قرار می‌گیرد.	این محصول که از سال 1401 با برند "کاژان" در حال تولید است، حاوی روغن خالص بدست آمده از دانه‌های کتان با روش پرس سرد است که کاربردی دوگانه دارد؛ این محصول هم به شکل خوراکی قابل مصرف است و هم قابلیت استعمال خارجی بر روی پوست و مو را دارد.دانه کتان یکی از بهترین منابع گیاهی اسیدهای چرب غیراشباع اُمگا-3 برای گیاهخواران و همچنین افرادی که به غذاهای دریایی علاقه یا دسترسی ندارند، محسوب می‌شود. ضمن اینکه میزان پروتئین موجود در کتان هم قابل توجه است و نسبت به دانه کنجد و دانه چیا میزان پروتئین بیشتری دارد.	افراد دارای حساسیت به تخم کتان باید از مصرف آن خودداری کنند.\r\nمصرف بیش از حد ممکن است در برخی افراد باعث نفخ یا ناراحتی‌های گوارشی شود.\r\nافراد مصرف‌کننده داروهای رقیق‌کننده خون بهتر است قبل از مصرف منظم با پزشک مشورت کنند.\r\nزنان باردار و شیرده بهتر است پیش از مصرف منظم با متخصص مشورت نمایند.\r\nروغن را در جای خنک، خشک و دور از نور مستقیم خورشید نگهداری کنید.	برای مصرف خوراکی، روزانه ۱ تا ۲ قاشق چای‌خوری همراه سالاد یا غذا مصرف شود.\r\nاز حرارت دادن مستقیم روغن تخم کتان خودداری شود تا خواص آن حفظ گردد.\r\nبرای استفاده موضعی، چند قطره از روغن را روی پوست یا مو ماساژ دهید.\r\nبرای تقویت مو، روغن را روی پوست سر و ساقه مو مالیده و پس از ۱ تا ۲ ساعت شستشو دهید.\r\nمطابق دستور متخصص طب سنتی مصرف شود.	2026-06-22 14:09:30.273327+00	2026-06-22 14:09:30.273345+00
36	روغن تخمه کدو	pumpkin-seed-oil	products/روغن_تخمه_کدو.jpg	4	روغن تخمه کدو سرشار از اسیدهای چرب مفید، ویتامین E و آنتی‌اکسیدان‌ها بوده و به حفظ سلامت عمومی بدن کمک می‌کند.\r\nبه تقویت و تغذیه موها کمک کرده و در کاهش ریزش مو و افزایش استحکام مو مؤثر است.\r\nدر حفظ رطوبت و شادابی پوست نقش داشته و به کاهش خشکی پوست کمک می‌کند.\r\nبه سلامت قلب و عروق و بهبود گردش خون کمک می‌کند.\r\nدارای خواص آنتی‌اکسیدانی بوده و از سلول‌های بدن در برابر آسیب‌های ناشی از رادیکال‌های آزاد محافظت می‌کند.\r\nدر طب سنتی برای کمک به حفظ سلامت پوست، مو و بدن مورد استفاده قرار می‌گیرد.	این محصول که از سال 1401 با برند کاژان و به عنوان عضوی از گروه روغن‌ها در حال تولید است، از دانه‌های گیاه کدو طبی (کدو تخم کاغذی) استحصال شده است. این محصول 100% خالص، با روغن‌های دیگر مخلوط نشده است و در روغن‌های پایه نیز خوابانیده نشده است. کدو طبی گیاهی یکساله است که حدود %35 آن روغن است که درصد استحصال مناسبی محسوب می‌شود. روغن این گیاه که به رنگ سبز تیره است، منبعی غنی از فیتواسترول‌ها و ماده موثره بتاسیتسترول است که به طور خاص برای بهبود تورم خوش خیم پروستات توصیه می‌شود.	افراد دارای حساسیت به تخمه کدو یا فرآورده‌های آن باید از مصرف آن خودداری کنند.\r\nمصرف بیش از حد ممکن است در برخی افراد باعث ناراحتی‌های گوارشی شود.\r\nپیش از استفاده موضعی، مقدار کمی از روغن روی بخش کوچکی از پوست تست شود.\r\nدر دوران بارداری و شیردهی بهتر است مصرف منظم با نظر متخصص انجام شود.\r\nروغن را در جای خنک، خشک و دور از نور مستقیم خورشید نگهداری کنید.	برای مصرف خوراکی، روزانه ۱ تا ۲ قاشق چای‌خوری همراه سالاد، غذا یا طبق دستور متخصص مصرف شود.\r\nاز حرارت دادن زیاد روغن خودداری شود تا خواص آن حفظ گردد.\r\nبرای استفاده موضعی، مقدار کمی از روغن را روی پوست تمیز ماساژ دهید.\r\nبرای مراقبت از مو، روغن را روی پوست سر و ساقه مو ماساژ داده و پس از ۱ تا ۲ ساعت شستشو دهید.\r\nمطابق توصیه متخصص طب سنتی مصرف شود.	2026-06-22 14:11:12.806815+00	2026-06-22 14:11:12.806834+00
37	روغن فندق	hazelnut-oil	products/روغن_فندق.jpg	4	روغن فندق سرشار از ویتامین E و آنتی‌اکسیدان‌ها بوده و به حفظ سلامت و شادابی پوست کمک می‌کند.\r\nبه نرم شدن و آبرسانی پوست کمک کرده و در کاهش خشکی پوست مؤثر است.\r\nباعث تقویت موها شده و به افزایش درخشندگی و لطافت مو کمک می‌کند.\r\nدارای اسیدهای چرب مفید بوده و به سلامت قلب و عروق کمک می‌کند.\r\nبه محافظت از سلول‌های بدن در برابر آسیب‌های ناشی از رادیکال‌های آزاد کمک می‌کند.\r\nدر طب سنتی برای مراقبت از پوست، مو و ماساژ بدن مورد استفاده قرار می‌گیرد.	این محصول، که از سال 1403 با برند کاژان تولید می‌شود و عضو گروه روغن‌ها است، از مغز فندق به روش پرس سرد به دست می‌آید. این روغن خالص، با طعم اصیل فندق و ارزش غذایی بالا شناخته می‌شود و علاوه بر مصرف خوراکی، برای تقویت و ترمیم پوست و مو به‌طور موضعی نیز کاربرد دارد.روغن فندق سرشار از مواد مغذی ضروری، از جمله اسیدهای چرب غیراشباع سالم برای قلب، آنتی‌اکسیدان‌ها و ویتامین E است. این روغن با طعم آجیلی متمایز و قوی خود، طعم چاشنی‌ها، دسرها و غذاهای شما را به یک تجربه لذت‌بخش و خاص تبدیل می‌کند.	افراد دارای حساسیت به فندق و سایر مغزها باید از مصرف آن خودداری کنند.\r\nپیش از استفاده موضعی، مقدار کمی از روغن روی بخش کوچکی از پوست تست شود.\r\nمصرف بیش از حد خوراکی ممکن است در برخی افراد باعث ناراحتی‌های گوارشی شود.\r\nدر دوران بارداری و شیردهی بهتر است مصرف منظم با نظر متخصص انجام شود.\r\nروغن را در جای خنک، خشک و دور از نور مستقیم خورشید نگهداری کنید.	برای مصرف خوراکی، روزانه ۱ تا ۲ قاشق چای‌خوری همراه سالاد یا غذا مصرف شود.\r\nبرای استفاده موضعی، چند قطره روغن را روی پوست تمیز ماساژ دهید تا جذب شود.\r\nبرای تقویت مو، مقدار مناسبی از روغن را روی پوست سر و ساقه مو ماساژ داده و پس از ۱ تا ۲ ساعت شستشو دهید.\r\nمی‌توان از آن به عنوان روغن ماساژ برای پوست‌های خشک استفاده کرد.\r\nمطابق توصیه متخصص طب سنتی مصرف شود.	2026-06-22 14:13:30.661513+00	2026-06-22 14:13:30.661531+00
38	روغن بادام شیرین	sweet-almond-oil	products/روغن_بادام_شیرین.jpg	4	روغن بادام شیرین به حفظ رطوبت پوست کمک کرده و باعث نرمی و لطافت پوست می‌شود.\r\nسرشار از ویتامین E و آنتی‌اکسیدان‌ها بوده و به سلامت و شادابی پوست کمک می‌کند.\r\nبه تقویت موها و کاهش خشکی، وزی و شکنندگی مو کمک می‌کند.\r\nبرای ماساژ پوست و کاهش خشکی و زبری نواحی مختلف بدن مناسب است.\r\nبه تغذیه پوست سر کمک کرده و در بهبود ظاهر موها مؤثر است.\r\nدر طب سنتی برای مراقبت از پوست، مو و حفظ لطافت بدن مورد استفاده قرار می‌گیرد.	این محصول که از سال 1402 با برند کاژان و به عنوان عضوی از گروه روغن‌ها در حال تولید است، از مغز بادام شیرین با روش پرس سرد استحصال شده است. این محصول 100% خالص، هم به شکل خوراکی قابل مصرف است و هم قابلیت استعمال خارجی بر روی پوست و مو را دارد.روغن بادام شیرین سرشار از اسیدهای چرب ضروری و ویتامین‌ها به‌ویژه ویتامین E است که یک آنتی‌اکسیدان قوی می‌باشد. این روغن مغذی علاوه بر حفظ سلامت و زیبایی پوست و مو، فواید سلامتی برای ذهن و بدن مانند رفع یبوست و درمان و جلوگیری از آسیب کبدی هم دارد.	افراد دارای حساسیت به بادام و سایر مغزها باید از مصرف آن خودداری کنند.\r\nپیش از استفاده موضعی، مقدار کمی از روغن روی بخش کوچکی از پوست تست شود.\r\nدر صورت بروز قرمزی، خارش یا حساسیت، مصرف را متوقف کنید.\r\nروغن را در جای خنک، خشک و دور از نور مستقیم خورشید نگهداری کنید.\r\nاز تماس مستقیم روغن با چشم‌ها خودداری شود.	برای استفاده موضعی، چند قطره روغن را روی پوست تمیز ماساژ دهید تا جذب شود.\r\nبرای مراقبت از مو، مقدار مناسبی از روغن را روی ساقه و پوست سر ماساژ داده و پس از ۱ تا ۲ ساعت شستشو دهید.\r\nمی‌توان پس از حمام برای حفظ رطوبت پوست استفاده کرد.\r\nبرای ماساژ بدن، مقدار مناسبی از روغن را روی پوست ماساژ دهید.\r\nمطابق توصیه متخصص طب سنتی مصرف شود.	2026-06-22 14:15:41.90239+00	2026-06-22 14:15:41.902408+00
39	تخم کتان	flaxseeds	products/تخم_کتان.jpg	5	تخم کتان منبع غنی از فیبر بوده و به بهبود عملکرد دستگاه گوارش کمک می‌کند.\r\nسرشار از اسیدهای چرب امگا ۳ بوده و در حفظ سلامت قلب و عروق مؤثر است.\r\nکمک به ایجاد احساس سیری و حمایت از کنترل وزن در کنار رژیم غذایی مناسب.\r\nدارای آنتی‌اکسیدان‌های طبیعی بوده و به محافظت از سلول‌های بدن کمک می‌کند.\r\nبه حفظ سلامت پوست و مو و تأمین برخی مواد مغذی مورد نیاز بدن کمک می‌کند.\r\nمی‌تواند به بهبود نظم حرکات روده و کاهش یبوست کمک کند.	این محصول که از سال 1400 به جمع محصولات و گروه دانه‌های نیوشا اضافه شده است، منبعی غنی از کربوهیدرات، پروتئین و اسیدهای آمینه، ترکیبات فنولی و پلی فنولی، اسیدهای چرب غیراشباع، انواع ویتامین و مواد معدنی است و می‌تواند انتخابی مناسب برای یک رژیم غذایی سالم باشد.کتان یا بَزرَک یکی از قدیمی‌‌ترین محصولات زراعی است که بخاطر کاربردهای متنوعش به عنوان گیاه معجزه‌آسای طبیعت شناخته می‌شود. از این گیاه هم می‌توان دانه و روغن گرفت و هم الیافِ ساقه آن در صنعت نساجی قابل استفاده هستند. بالاترین سطح زیر کشت و تولید کتان در دنیا متعلق به کشور کاناداست.	مصرف بیش از حد ممکن است باعث نفخ، دل‌پیچه یا ناراحتی‌های گوارشی شود.\r\nهنگام مصرف تخم کتان، نوشیدن آب کافی توصیه می‌شود.\r\nافراد مصرف‌کننده داروهای رقیق‌کننده خون بهتر است قبل از مصرف منظم با پزشک مشورت کنند.\r\nزنان باردار و شیرده بهتر است پیش از مصرف مداوم با متخصص مشورت نمایند.\r\nدر صورت داشتن حساسیت به تخم کتان یا بروز علائم آلرژیک، مصرف را متوقف کنید.	روزانه ۱ تا ۲ قاشق غذاخوری تخم کتان آسیاب‌شده مصرف شود.\r\nمی‌توان آن را به ماست، سالاد، اسموتی، سوپ یا آبمیوه اضافه کرد.\r\nبهتر است همراه با آب کافی مصرف شود.\r\nبرای جذب بهتر مواد مغذی، مصرف تخم کتان آسیاب‌شده توصیه می‌شود.\r\nمطابق توصیه متخصص طب سنتی یا متخصص تغذیه مصرف شود.	2026-06-22 14:19:44.389889+00	2026-06-22 14:19:44.389909+00
\.


--
-- Name: auth_group_id_seq; Type: SEQUENCE SET; Schema: public; Owner: matin
--

SELECT pg_catalog.setval('public.auth_group_id_seq', 1, false);


--
-- Name: auth_group_permissions_id_seq; Type: SEQUENCE SET; Schema: public; Owner: matin
--

SELECT pg_catalog.setval('public.auth_group_permissions_id_seq', 1, false);


--
-- Name: auth_permission_id_seq; Type: SEQUENCE SET; Schema: public; Owner: matin
--

SELECT pg_catalog.setval('public.auth_permission_id_seq', 32, true);


--
-- Name: auth_user_groups_id_seq; Type: SEQUENCE SET; Schema: public; Owner: matin
--

SELECT pg_catalog.setval('public.auth_user_groups_id_seq', 1, false);


--
-- Name: auth_user_id_seq; Type: SEQUENCE SET; Schema: public; Owner: matin
--

SELECT pg_catalog.setval('public.auth_user_id_seq', 1, true);


--
-- Name: auth_user_user_permissions_id_seq; Type: SEQUENCE SET; Schema: public; Owner: matin
--

SELECT pg_catalog.setval('public.auth_user_user_permissions_id_seq', 1, false);


--
-- Name: django_admin_log_id_seq; Type: SEQUENCE SET; Schema: public; Owner: matin
--

SELECT pg_catalog.setval('public.django_admin_log_id_seq', 86, true);


--
-- Name: django_content_type_id_seq; Type: SEQUENCE SET; Schema: public; Owner: matin
--

SELECT pg_catalog.setval('public.django_content_type_id_seq', 8, true);


--
-- Name: django_migrations_id_seq; Type: SEQUENCE SET; Schema: public; Owner: matin
--

SELECT pg_catalog.setval('public.django_migrations_id_seq', 23, true);


--
-- Name: home_category_id_seq; Type: SEQUENCE SET; Schema: public; Owner: matin
--

SELECT pg_catalog.setval('public.home_category_id_seq', 5, true);


--
-- Name: home_product_id_seq; Type: SEQUENCE SET; Schema: public; Owner: matin
--

SELECT pg_catalog.setval('public.home_product_id_seq', 39, true);


--
-- Name: auth_group auth_group_name_key; Type: CONSTRAINT; Schema: public; Owner: matin
--

ALTER TABLE ONLY public.auth_group
    ADD CONSTRAINT auth_group_name_key UNIQUE (name);


--
-- Name: auth_group_permissions auth_group_permissions_group_id_permission_id_0cd325b0_uniq; Type: CONSTRAINT; Schema: public; Owner: matin
--

ALTER TABLE ONLY public.auth_group_permissions
    ADD CONSTRAINT auth_group_permissions_group_id_permission_id_0cd325b0_uniq UNIQUE (group_id, permission_id);


--
-- Name: auth_group_permissions auth_group_permissions_pkey; Type: CONSTRAINT; Schema: public; Owner: matin
--

ALTER TABLE ONLY public.auth_group_permissions
    ADD CONSTRAINT auth_group_permissions_pkey PRIMARY KEY (id);


--
-- Name: auth_group auth_group_pkey; Type: CONSTRAINT; Schema: public; Owner: matin
--

ALTER TABLE ONLY public.auth_group
    ADD CONSTRAINT auth_group_pkey PRIMARY KEY (id);


--
-- Name: auth_permission auth_permission_content_type_id_codename_01ab375a_uniq; Type: CONSTRAINT; Schema: public; Owner: matin
--

ALTER TABLE ONLY public.auth_permission
    ADD CONSTRAINT auth_permission_content_type_id_codename_01ab375a_uniq UNIQUE (content_type_id, codename);


--
-- Name: auth_permission auth_permission_pkey; Type: CONSTRAINT; Schema: public; Owner: matin
--

ALTER TABLE ONLY public.auth_permission
    ADD CONSTRAINT auth_permission_pkey PRIMARY KEY (id);


--
-- Name: auth_user_groups auth_user_groups_pkey; Type: CONSTRAINT; Schema: public; Owner: matin
--

ALTER TABLE ONLY public.auth_user_groups
    ADD CONSTRAINT auth_user_groups_pkey PRIMARY KEY (id);


--
-- Name: auth_user_groups auth_user_groups_user_id_group_id_94350c0c_uniq; Type: CONSTRAINT; Schema: public; Owner: matin
--

ALTER TABLE ONLY public.auth_user_groups
    ADD CONSTRAINT auth_user_groups_user_id_group_id_94350c0c_uniq UNIQUE (user_id, group_id);


--
-- Name: auth_user auth_user_pkey; Type: CONSTRAINT; Schema: public; Owner: matin
--

ALTER TABLE ONLY public.auth_user
    ADD CONSTRAINT auth_user_pkey PRIMARY KEY (id);


--
-- Name: auth_user_user_permissions auth_user_user_permissions_pkey; Type: CONSTRAINT; Schema: public; Owner: matin
--

ALTER TABLE ONLY public.auth_user_user_permissions
    ADD CONSTRAINT auth_user_user_permissions_pkey PRIMARY KEY (id);


--
-- Name: auth_user_user_permissions auth_user_user_permissions_user_id_permission_id_14a6b632_uniq; Type: CONSTRAINT; Schema: public; Owner: matin
--

ALTER TABLE ONLY public.auth_user_user_permissions
    ADD CONSTRAINT auth_user_user_permissions_user_id_permission_id_14a6b632_uniq UNIQUE (user_id, permission_id);


--
-- Name: auth_user auth_user_username_key; Type: CONSTRAINT; Schema: public; Owner: matin
--

ALTER TABLE ONLY public.auth_user
    ADD CONSTRAINT auth_user_username_key UNIQUE (username);


--
-- Name: django_admin_log django_admin_log_pkey; Type: CONSTRAINT; Schema: public; Owner: matin
--

ALTER TABLE ONLY public.django_admin_log
    ADD CONSTRAINT django_admin_log_pkey PRIMARY KEY (id);


--
-- Name: django_content_type django_content_type_app_label_model_76bd3d3b_uniq; Type: CONSTRAINT; Schema: public; Owner: matin
--

ALTER TABLE ONLY public.django_content_type
    ADD CONSTRAINT django_content_type_app_label_model_76bd3d3b_uniq UNIQUE (app_label, model);


--
-- Name: django_content_type django_content_type_pkey; Type: CONSTRAINT; Schema: public; Owner: matin
--

ALTER TABLE ONLY public.django_content_type
    ADD CONSTRAINT django_content_type_pkey PRIMARY KEY (id);


--
-- Name: django_migrations django_migrations_pkey; Type: CONSTRAINT; Schema: public; Owner: matin
--

ALTER TABLE ONLY public.django_migrations
    ADD CONSTRAINT django_migrations_pkey PRIMARY KEY (id);


--
-- Name: django_session django_session_pkey; Type: CONSTRAINT; Schema: public; Owner: matin
--

ALTER TABLE ONLY public.django_session
    ADD CONSTRAINT django_session_pkey PRIMARY KEY (session_key);


--
-- Name: home_category home_category_pkey; Type: CONSTRAINT; Schema: public; Owner: matin
--

ALTER TABLE ONLY public.home_category
    ADD CONSTRAINT home_category_pkey PRIMARY KEY (id);


--
-- Name: home_category home_category_slug_key; Type: CONSTRAINT; Schema: public; Owner: matin
--

ALTER TABLE ONLY public.home_category
    ADD CONSTRAINT home_category_slug_key UNIQUE (slug);


--
-- Name: home_product home_product_pkey; Type: CONSTRAINT; Schema: public; Owner: matin
--

ALTER TABLE ONLY public.home_product
    ADD CONSTRAINT home_product_pkey PRIMARY KEY (id);


--
-- Name: home_product home_product_slug_key; Type: CONSTRAINT; Schema: public; Owner: matin
--

ALTER TABLE ONLY public.home_product
    ADD CONSTRAINT home_product_slug_key UNIQUE (slug);


--
-- Name: auth_group_name_a6ea08ec_like; Type: INDEX; Schema: public; Owner: matin
--

CREATE INDEX auth_group_name_a6ea08ec_like ON public.auth_group USING btree (name varchar_pattern_ops);


--
-- Name: auth_group_permissions_group_id_b120cbf9; Type: INDEX; Schema: public; Owner: matin
--

CREATE INDEX auth_group_permissions_group_id_b120cbf9 ON public.auth_group_permissions USING btree (group_id);


--
-- Name: auth_group_permissions_permission_id_84c5c92e; Type: INDEX; Schema: public; Owner: matin
--

CREATE INDEX auth_group_permissions_permission_id_84c5c92e ON public.auth_group_permissions USING btree (permission_id);


--
-- Name: auth_permission_content_type_id_2f476e4b; Type: INDEX; Schema: public; Owner: matin
--

CREATE INDEX auth_permission_content_type_id_2f476e4b ON public.auth_permission USING btree (content_type_id);


--
-- Name: auth_user_groups_group_id_97559544; Type: INDEX; Schema: public; Owner: matin
--

CREATE INDEX auth_user_groups_group_id_97559544 ON public.auth_user_groups USING btree (group_id);


--
-- Name: auth_user_groups_user_id_6a12ed8b; Type: INDEX; Schema: public; Owner: matin
--

CREATE INDEX auth_user_groups_user_id_6a12ed8b ON public.auth_user_groups USING btree (user_id);


--
-- Name: auth_user_user_permissions_permission_id_1fbb5f2c; Type: INDEX; Schema: public; Owner: matin
--

CREATE INDEX auth_user_user_permissions_permission_id_1fbb5f2c ON public.auth_user_user_permissions USING btree (permission_id);


--
-- Name: auth_user_user_permissions_user_id_a95ead1b; Type: INDEX; Schema: public; Owner: matin
--

CREATE INDEX auth_user_user_permissions_user_id_a95ead1b ON public.auth_user_user_permissions USING btree (user_id);


--
-- Name: auth_user_username_6821ab7c_like; Type: INDEX; Schema: public; Owner: matin
--

CREATE INDEX auth_user_username_6821ab7c_like ON public.auth_user USING btree (username varchar_pattern_ops);


--
-- Name: django_admin_log_content_type_id_c4bce8eb; Type: INDEX; Schema: public; Owner: matin
--

CREATE INDEX django_admin_log_content_type_id_c4bce8eb ON public.django_admin_log USING btree (content_type_id);


--
-- Name: django_admin_log_user_id_c564eba6; Type: INDEX; Schema: public; Owner: matin
--

CREATE INDEX django_admin_log_user_id_c564eba6 ON public.django_admin_log USING btree (user_id);


--
-- Name: django_session_expire_date_a5c62663; Type: INDEX; Schema: public; Owner: matin
--

CREATE INDEX django_session_expire_date_a5c62663 ON public.django_session USING btree (expire_date);


--
-- Name: django_session_session_key_c0390e0f_like; Type: INDEX; Schema: public; Owner: matin
--

CREATE INDEX django_session_session_key_c0390e0f_like ON public.django_session USING btree (session_key varchar_pattern_ops);


--
-- Name: home_category_slug_297eaa9a_like; Type: INDEX; Schema: public; Owner: matin
--

CREATE INDEX home_category_slug_297eaa9a_like ON public.home_category USING btree (slug varchar_pattern_ops);


--
-- Name: home_product_category_id_0dc673e8; Type: INDEX; Schema: public; Owner: matin
--

CREATE INDEX home_product_category_id_0dc673e8 ON public.home_product USING btree (category_id);


--
-- Name: home_product_slug_b9039d91_like; Type: INDEX; Schema: public; Owner: matin
--

CREATE INDEX home_product_slug_b9039d91_like ON public.home_product USING btree (slug varchar_pattern_ops);


--
-- Name: auth_group_permissions auth_group_permissio_permission_id_84c5c92e_fk_auth_perm; Type: FK CONSTRAINT; Schema: public; Owner: matin
--

ALTER TABLE ONLY public.auth_group_permissions
    ADD CONSTRAINT auth_group_permissio_permission_id_84c5c92e_fk_auth_perm FOREIGN KEY (permission_id) REFERENCES public.auth_permission(id) DEFERRABLE INITIALLY DEFERRED;


--
-- Name: auth_group_permissions auth_group_permissions_group_id_b120cbf9_fk_auth_group_id; Type: FK CONSTRAINT; Schema: public; Owner: matin
--

ALTER TABLE ONLY public.auth_group_permissions
    ADD CONSTRAINT auth_group_permissions_group_id_b120cbf9_fk_auth_group_id FOREIGN KEY (group_id) REFERENCES public.auth_group(id) DEFERRABLE INITIALLY DEFERRED;


--
-- Name: auth_permission auth_permission_content_type_id_2f476e4b_fk_django_co; Type: FK CONSTRAINT; Schema: public; Owner: matin
--

ALTER TABLE ONLY public.auth_permission
    ADD CONSTRAINT auth_permission_content_type_id_2f476e4b_fk_django_co FOREIGN KEY (content_type_id) REFERENCES public.django_content_type(id) DEFERRABLE INITIALLY DEFERRED;


--
-- Name: auth_user_groups auth_user_groups_group_id_97559544_fk_auth_group_id; Type: FK CONSTRAINT; Schema: public; Owner: matin
--

ALTER TABLE ONLY public.auth_user_groups
    ADD CONSTRAINT auth_user_groups_group_id_97559544_fk_auth_group_id FOREIGN KEY (group_id) REFERENCES public.auth_group(id) DEFERRABLE INITIALLY DEFERRED;


--
-- Name: auth_user_groups auth_user_groups_user_id_6a12ed8b_fk_auth_user_id; Type: FK CONSTRAINT; Schema: public; Owner: matin
--

ALTER TABLE ONLY public.auth_user_groups
    ADD CONSTRAINT auth_user_groups_user_id_6a12ed8b_fk_auth_user_id FOREIGN KEY (user_id) REFERENCES public.auth_user(id) DEFERRABLE INITIALLY DEFERRED;


--
-- Name: auth_user_user_permissions auth_user_user_permi_permission_id_1fbb5f2c_fk_auth_perm; Type: FK CONSTRAINT; Schema: public; Owner: matin
--

ALTER TABLE ONLY public.auth_user_user_permissions
    ADD CONSTRAINT auth_user_user_permi_permission_id_1fbb5f2c_fk_auth_perm FOREIGN KEY (permission_id) REFERENCES public.auth_permission(id) DEFERRABLE INITIALLY DEFERRED;


--
-- Name: auth_user_user_permissions auth_user_user_permissions_user_id_a95ead1b_fk_auth_user_id; Type: FK CONSTRAINT; Schema: public; Owner: matin
--

ALTER TABLE ONLY public.auth_user_user_permissions
    ADD CONSTRAINT auth_user_user_permissions_user_id_a95ead1b_fk_auth_user_id FOREIGN KEY (user_id) REFERENCES public.auth_user(id) DEFERRABLE INITIALLY DEFERRED;


--
-- Name: django_admin_log django_admin_log_content_type_id_c4bce8eb_fk_django_co; Type: FK CONSTRAINT; Schema: public; Owner: matin
--

ALTER TABLE ONLY public.django_admin_log
    ADD CONSTRAINT django_admin_log_content_type_id_c4bce8eb_fk_django_co FOREIGN KEY (content_type_id) REFERENCES public.django_content_type(id) DEFERRABLE INITIALLY DEFERRED;


--
-- Name: django_admin_log django_admin_log_user_id_c564eba6_fk_auth_user_id; Type: FK CONSTRAINT; Schema: public; Owner: matin
--

ALTER TABLE ONLY public.django_admin_log
    ADD CONSTRAINT django_admin_log_user_id_c564eba6_fk_auth_user_id FOREIGN KEY (user_id) REFERENCES public.auth_user(id) DEFERRABLE INITIALLY DEFERRED;


--
-- Name: home_product home_product_category_id_0dc673e8_fk_home_category_id; Type: FK CONSTRAINT; Schema: public; Owner: matin
--

ALTER TABLE ONLY public.home_product
    ADD CONSTRAINT home_product_category_id_0dc673e8_fk_home_category_id FOREIGN KEY (category_id) REFERENCES public.home_category(id) DEFERRABLE INITIALLY DEFERRED;


--
-- PostgreSQL database dump complete
--

\unrestrict LbacrwIhgc7NRtFDsVdmlKqzUPf3bCRtf5wDLhD8BsqidVHhfIlkapgnVwz2LgB

